0.001150486,0.021092236,0.006519418,0.02876214,-0.005368933,0.123485453,-0.005368933,0.002684466,-13.00815539,1.440111649,-15.47772813,0.039067962,-2.339014647,-0.225864077
0.045252433,0.29299033,-2.302121667,0.439485496,1.542034187,1.54817011,0.476301035,0.00076699,-7.655009712,-8.664601942,9.715398058,-1.279980598,0.176,0.03676699
0.041033986,-0.192131094,-0.005752428,0.969475858,0.313315576,1.523626418,-0.442936953,-0.003451457,-11.19871846,1.61523301,-8.082466019,0.508,2.462825346,-0.250082524
0.006902914,0.342077716,1.93626725,1.722660425,2.148340093,0.21322333,-2.099636203,0.000383495,6.563398058,17.80317476,4.230407812,-0.766029125,1.934815687,-0.158300971
0.006519418,0.194432065,1.528611855,1.766378877,2.172883786,0.1357573,-2.162529416,0.004985438,4.22617477,20.16783495,2.710970865,-0.339728154,2.173174866,-0.325917476
0.018024274,-0.181776723,1.278956482,1.83080607,2.253034282,0.019558255,-1.372912805,0.00076699,1.523223308,18.97983495,-1.951436905,-0.172932038,2.603237987,-0.207451457
0.023393207,-0.12616992,1.084907912,1.863019667,1.733781786,-0.222427214,-1.137446754,-0.00076699,5.636601942,17.71079612,-0.129320384,-0.036,2.371611739,-0.138849514
0.036048549,-0.576009786,0.834485549,2.058985713,1.512505057,-0.101626227,-1.719592463,-0.003834952,-4.131281558,11.11260194,-3.541495134,-0.042902914,1.883689391,-0.232383495
-0.09740778,-1.415097277,1.52822836,1.53781574,-1.006674892,0.47745152,-2.292150792,-0.007669904,1.036990288,4.099451457,-15.18339806,-0.751834952,-1.001917476,-0.286849514
-0.002684466,-1.374446786,-0.507747641,1.748738098,0.853660308,0.97254382,-1.462650681,0.003451457,-14.01906796,-0.296383495,-13.1036699,2.191068088,0.02876699,-0.149917476
0.202101969,-1.338398237,-2.03367503,1.876441999,-1.030451594,-0.887791381,-1.194971034,0.008436894,8.416,-3.242519418,-13.97906796,2.013621503,-0.619834952,-0.08476699
0.118883511,-1.017412758,0.084368943,1.219514726,-0.624713676,0.065194183,-1.115204033,0.00076699,-20.82394175,1.717917476,-15.3123301,-0.069368933,-1.925893265,-0.131067962
-0.015723303,-0.400752481,0.63315057,0.82719914,-1.617582741,0.510048612,-1.840776945,-0.026844664,-16.71423539,8.303922898,-11.77949592,-1.177135976,-0.184378475,-0.308
0.02876214,0.068262145,-1.257864246,1.970014827,-1.163140932,0.259626248,0.745898158,0,7.852,-18.16392231,3.946058229,-0.288330096,2.973805954,0.008
0.045635928,-0.322902956,-0.799970981,1.966179875,-1.493713792,0.156082545,1.245975895,0.005368933,-2.590718463,-12.55041262,0.350368922,-0.259067962,2.490019508,0.09123301
0.057140784,-1.382500185,-1.333796295,0.58367969,-0.906582646,0.252723335,-0.667665138,0.027995149,-3.990194173,-2.830796115,-8.81034952,-0.310466019,-0.999470944,-0.250082524
0.071330107,-0.356650533,0.96449042,0.656927272,-1.386718632,0.907349636,0.711767086,0.002300971,-15.55720388,10.90301456,-9.446194173,-0.958902914,-0.740271846,0.054849514
0.008053399,0.013038837,0.009970875,0.025310683,0.003834952,0.080150496,0.000383495,-0.005368933,-13.94768939,1.617868927,-15.24755336,0,-2.163655394,-0.227834952
-0.001917476,-0.49662628,0.501228222,0.867849631,1.756408002,-0.354349562,2.510743055,0.023393207,-19.0515745,7.523578292,-13.10773002,-0.048087396,1.633888415,-0.048218447
0.041800976,-1.211077832,0.19481556,1.811247815,-0.783480687,0.260009744,1.756024507,0.004601942,-17.60394175,1.352383495,-12.08592233,-0.335834952,-0.722189322,-0.036383495
0.013422332,-0.085135934,0.801504962,1.461500196,-1.729563338,1.079538979,0.45750977,0.002300971,-1.984660192,12.76076699,-2.571514557,-0.456271846,0.848383495,-0.01523301
0.011121361,0.322519461,1.758325478,2.083529405,-0.9341943,1.004757416,0.336708783,0.006519418,13.74712621,16.42723301,2.490776713,2.063349636,-1.396203938,-0.149917476
0.0479369,-1.192286567,-0.549932112,1.530145836,0.736694273,0.306412662,-0.49739327,0.003834952,-17.84737866,-2.561640779,-14.04267962,0.374572817,-1.472548586,-0.236165048
-0.052155347,-1.396306012,-0.625864161,0.387713644,0.936495271,1.945087639,-0.004218447,0.00958738,-9.249262134,-0.267834952,-7.135786403,1.163359253,-1.099009712,-0.045917476
0.020708741,0.272665085,1.67434003,0.180242743,0.817228265,1.127092384,-1.945087639,0.001533981,-9.856,8.559616505,2.108873789,1.847174887,1.992466167,-0.191398058
0.034514568,-1.395922517,-0.232781585,1.848446849,0.888941867,1.928597346,1.211844822,0.003067962,-13.01906796,1.052932038,-10.56565048,2.290815645,2.236980672,0.034082524
0.055990299,0.016873789,0.974461296,2.38418964,0.259242753,-0.144194194,1.670888573,0.003834952,14.16739806,12.76230097,6.498407769,0.078194173,2.145563211,0.059781553
0.003067962,-0.309480624,0.110063122,1.990340072,0.818762246,-0.000383495,-2.147956598,0.003451457,-1.974135923,3.559563106,1.971456307,0.24876699,0.506684466,-0.151067962
0.017257284,0.222810709,-0.113514578,0.970242848,2.960582921,0.640820474,-0.002684466,0.00076699,-1.280252444,-1.316932038,-6.336232999,0.117203885,2.864762267,-0.093150486
0.001533981,-0.018407769,0.002300971,0.027228159,-0.050621366,0.12693691,0.002300971,-0.002684466,-15.47045623,1.720601942,-15.48545633,0.604038932,-2.390422406,-0.202029125
0.022626217,-1.191136082,-2.295985744,0.816461274,-0.25387382,-1.542417682,0.246970907,-0.00076699,0.734505078,-3.867495155,-5.175534213,1.315602038,2.713267154,-0.012985438
-0.06864564,-1.405893392,-0.73055835,1.777116743,-1.788621599,0.134606814,1.555073024,0.001150486,-11.17971845,-0.939339808,-14.50796115,-0.714300971,0.858082524,0.091616505
0.098558266,-0.661529215,0.200951483,1.310019593,0.380810731,-0.923456434,-0.232014594,0.007669904,-18.81759223,3.167106809,-12.35840777,-0.637203885,-2.348961269,-0.126849514
0.006135923,-1.102932186,1.96579638,1.301966194,-0.343611696,1.595723515,2.796446976,-0.003067962,3.474087375,8.109805827,-11.82805825,0.210466019,-0.525150486,-0.079398058
0.001917476,-1.01166033,-0.317534023,0.608223382,0.884339924,1.558907976,-0.029145635,-0.001533981,-18.51773788,-0.856,-12.39500971,2.245068067,-0.6758204,-0.066300971
0.085519429,0.512349583,-0.823747683,2.167131358,-0.74014573,1.66475265,-0.511582593,0.00076699,12.25062137,-10.61638835,10.80524273,-0.053970875,0.204,-0.207451457
-0.003451457,0.021475731,0.002684466,0.108912636,-0.020325245,0.171038858,-0.008436894,0.006902914,-14.28886426,0.739339808,-15.1134565,0.254135923,-2.284912721,0.014849514
0.001150486,-0.008436894,-0.001533981,0.007286409,-0.036432044,0.112747588,-0.037199034,0.001533981,-15.66952428,1.701378634,-15.15914561,0.242689317,-2.32367969,0.029480582
0.004218447,-0.007286409,-0.011504856,0.067495155,0.037966025,0.088587391,-0.020325245,-0.001917476,-15.37384467,1.579184461,-15.56264085,-0.003728154,-2.302640811,0.048330096
0.077849525,-1.390937079,-1.319223478,0.095106809,-2.117276982,0.368538884,-1.477223499,0.001917476,-1.653485432,0.394252423,-1.120990288,-0.217699029,-0.219339808,-0.251616505
-0.15493206,-1.423150676,0.628932123,0.663446691,-0.422995202,0.901980703,0.104694189,0.004985438,-11.4114369,1.82805825,-11.28147573,-0.357699029,-2.209728217,-0.09276699
0.075548554,0.770441851,2.826743097,0.798437,0.397301024,1.49946622,-0.141126232,0.000383495,-15.03649514,3.309631078,13.48143688,-0.389970875,0.171067962,-0.177917476
0.059825251,-0.205936921,0.520402982,0.588665127,-1.117505004,-0.023009712,0.972927315,-0.022242721,-15.98612622,6.588271846,-12.68858254,-0.095009712,-1.70803889,0.089752428
0.008053399,-0.029912625,0.355883543,1.682776924,-1.014344796,-1.280873958,-0.420310736,-0.003834952,2.149097086,7.824330096,0.556349541,-0.495339808,-2.335140848,-0.065150486
0.012655342,0.892393323,2.664141133,0.95336906,-0.490873852,-0.798053505,0.561436968,-0.026461169,-16.16449514,5.142194173,13.79388335,-1.027553447,1.742412705,0.036
-0.060975736,-1.007825378,2.096184747,1.653247794,-2.597796464,-0.685689412,0.235849546,0.003067962,7.143466009,9.444330096,-13.17972815,0.910640853,1.922689444,-0.156383495
0.088203895,-1.047325383,1.22641764,1.041572955,-0.484737929,1.797058493,0.246587412,0.003451457,-10.88109709,8.395786403,-11.30273787,0.095067962,-0.060111649,0.05523301
0.054456318,0.142660213,2.048631342,1.626019635,1.11865549,-0.935344785,1.6448109,0.002300971,3.375611654,19.07403883,1.923825251,-0.24076699,2.878631194,0.060601942
0.041033986,-1.364859406,-0.260009744,1.655932261,0.529990362,-0.747815634,-0.50621366,-0.011504856,-17.27793199,-0.395281558,-14.31933981,-0.492330096,-2.178626301,-0.088165048
0.090121371,-0.332873831,-2.116126497,1.916325499,-0.311781595,0.053689328,-0.784247678,0.001917476,4.827504856,-15.13561165,-6.651669904,-0.284,-0.352,-0.291781553
0.074781563,-0.182160219,0.179859247,1.785170142,-0.908500122,-0.382728207,-1.275505025,-0.00076699,0.672281548,4.884330096,0.422466019,-0.190902914,-0.899373805,-0.342849514
0.047169909,-1.381349699,-1.367927368,1.300815708,-2.44248091,-0.737461264,-2.532218786,0.042567967,-3.811184461,-2.924873789,-14.17271844,0.026737866,2.519980682,-0.205150486
0.046402919,-0.736694273,0.649640864,1.201490452,0.024543693,-0.592116584,-2.05438377,0.004985438,-16.87780583,9.014796115,-13.01572815,-0.518300971,-2.168990373,-0.18476699
0.048320395,-0.630082609,-1.655932261,0.60362144,0.576009786,0.698344754,1.130543841,-0.001150486,-13.51851457,-11.76318446,-3.932951483,-0.328106798,-2.215097192,0.034082524
0.022242721,-0.508898126,0.644271931,1.404742907,0.727873884,-0.192898084,0.510432107,0.003451457,-11.0598932,10.8156699,-9.284834941,0.194300971,-0.28723301,-0.08476699
0.053689328,1.042339945,2.18937408,1.037354508,2.422922654,-0.975995276,2.873146016,0.000383495,-13.74329126,7.806563116,13.55157281,2.298786583,-0.852218447,-0.081315534
0.025310683,0.513883564,1.065733152,0.916937016,-0.042184472,-1.049242859,1.481825441,0.000383495,-3.03911651,11.95786408,0.999728154,-1.286902956,-1.034830112,-0.004601942
0.001533981,-0.003834952,0.001533981,-0.012655342,-0.003451457,0.079383506,0.03834952,0.001150486,-16.21068932,-0.826038826,-15.11933977,0.14723301,-2.133344722,-0.250082524
0.060975736,-0.031830101,0.623946685,0.915403035,1.068417619,-1.486810879,1.030835089,0.004985438,-10.0281068,7.898679616,-7.898310672,-1.312106798,-1.561456371,0.037917476
-0.138825261,-1.43158757,1.489495345,2.003762404,-1.234471039,-0.619344743,2.412568284,-0.004985438,3.245097086,3.030504866,-13.41897086,0.667504856,-1.39698548,-0.025699029
-0.217441777,-1.41164582,1.533597293,1.014344796,1.073019561,1.201490452,2.582840152,-0.002684466,2.908213597,3.620660192,-12.11396117,2.547631226,-1.401077726,0.00876699
-0.079767001,-0.96295644,-0.533441819,0.550699103,1.815466262,0.945699156,0.488189386,0.014956313,-19.98900105,-1.793611802,-11.31219466,2.04225255,-0.782582476,-0.026466019
0.07746603,0.075165059,-0.401135976,1.383267175,1.633306044,0.532674829,0.779645735,0.00076699,-1.534262124,-5.628990288,-1.10565048,0.24,1.169718516,0.054849514
0.085902924,-0.069412631,2.267223604,1.406276887,0.091655352,0.513883564,2.835946982,0.006902914,0.265980576,15.34848544,-0.085048538,1.706407896,-0.211616505,-0.085150486
0.088587391,-1.182699187,0.784247678,1.280873958,-1.49869923,-0.922689444,0.939946728,0.003067962,-13.17753402,5.879398058,-14.03194175,1.983174887,-0.509699029,0.017533981
0.088970886,-0.978296247,0.869000116,1.896000254,1.038888489,0.276883532,1.994175024,-0.001917476,-7.652495144,9.740834941,-10.08460194,0.660165048,1.175839887,0.023014562
-0.027228159,-0.980980714,0.804572923,0.605538916,2.872762521,-0.775810783,1.507903114,-0.004985438,-17.34270071,6.02970928,-12.48712718,0.155669904,2.883432224,-0.060548543
-0.024160197,-1.413179801,0.837170015,0.178708762,0.813776808,-1.254796284,2.558296459,0.006902914,-5.206320331,1.668660192,-2.658757099,-0.497970875,2.579752576,-0.014849514
0.10776215,-1.364475911,-1.302733184,0.645038921,-0.161451478,0.690291355,0.241601974,0.002300971,-5.040174749,-1.855669904,-10.27007767,-0.311669904,-2.306354455,-0.060106798
0.027611654,-0.520402982,0.989034113,1.546252634,-2.028306097,-0.762004956,-0.28263596,0,-5.719611654,16.24580583,-7.275029114,1.138844706,-1.615485496,-0.241917476
0.036815539,0.228179642,1.936650745,0.705631162,-2.325131379,0.312932081,-0.941097213,-0.016490293,-9.48136889,13.67172815,5.878194173,-0.371834952,-2.201718516,-0.350849514
0.03834952,-0.567189396,2.444781881,1.755257517,0.214373815,-0.735543788,0.489339871,0.00076699,5.923077663,11.20246602,-9.081669883,-0.681368933,-0.031451457,-0.024548543
-0.176024295,-0.412640832,2.514578007,2.023320659,-1.071869076,1.094495292,2.087364357,-0.006519418,10.62679612,10.89594175,-10.39532032,-0.64876699,-1.870995202,0.062466019
0.044101948,-1.390170089,0.56527192,0.833718558,1.11060209,1.855349763,-0.151480603,0.003451457,-10.26395154,2.584990288,-11.0866603,2.573767149,-0.867286409,-0.113917476
0.01994175,-1.398223488,-0.184077695,0.521553468,1.40129145,1.91862647,2.914563497,0.004985438,-11.46879605,0.643339808,-8.005494964,1.922135965,-1.288077695,-0.084
0.003834952,-1.394772031,1.198422491,1.958126476,-1.061514705,1.439257474,1.754490526,0.008053399,-3.942728164,3.124077695,-11.49135921,-1.717805869,1.629378719,-0.064
0.0398835,-1.11942248,0.510048612,1.095645778,0.453291323,1.463417672,2.965568358,0.006519418,-16.08251457,5.245417439,-13.45089321,2.22790303,-0.113150486,-0.073917476
0.091271857,-0.485121424,0.57409231,0.798053505,-0.946082651,0.353582572,-1.149718601,0.004218447,-18.04236892,8.676660192,-13.21939806,-0.304,-1.80227191,-0.103121361
0.074781563,-0.95413605,-0.647339892,1.951990553,1.594189534,-0.547247646,-0.855577784,-0.002684466,-12.81504856,-5.601300982,-8.258310672,-0.530194173,-1.577917518,-0.103834952
0.060208746,-0.271898095,0.492024338,2.243830397,-0.911568083,-0.235849546,-1.035437032,0.000383495,4.923504856,8.496,4.819669904,-0.078902914,-0.482466019,-0.325150486
0.040266996,-1.099097235,0.806873894,0.580228233,1.319990468,0.967558382,-1.233704049,0.001533981,-14.25649514,5.366019424,-11.09132041,2.356388515,-1.011689391,-0.355067962
0.074398068,-1.215296279,0.630082609,0.687223393,-1.213762298,0.042184472,-1.076854513,0.004218447,-16.33660194,3.463611654,-12.55972815,-0.228155347,-1.224582582,-0.128
0.237000032,-1.33417979,-0.906966141,0.913102064,1.165825399,0.676485527,1.534747778,0.000383495,-12.05320388,-1.7238835,-12.864,1.698747651,-1.737563169,-0.042466019
0.106611665,-0.214373815,1.390553584,0.432966077,0.235082556,1.443859417,1.978835216,-0.003067962,-11.50488349,12.64005825,-3.711553404,2.895058387,-0.019834952,0.008383495
0.137674776,-1.380199214,-0.757786509,1.484126412,1.458815729,1.186150644,2.313626523,0.005368933,-13.51851457,-1.128601942,-13.59908728,2.899242838,0.03376698,0.059834952
0.070563116,-1.278956482,1.172344817,0.90543216,0.487422395,0.586364156,1.908655595,0,-6.886514568,5.114077673,-12.82168933,1.71325256,-1.94185446,-0.084
0.033364082,-0.508514631,-0.251572849,1.490645831,-0.450990352,-0.235466051,1.003990426,-0.002684466,-14.52725241,-3.179669904,-8.050252423,0.180601942,-1.210155368,0.001917476
-0.002300971,0.088970886,-2.125713877,0.204019445,-1.515573018,1.735699261,1.818150729,0.006135923,-12.94484464,-4.683223308,7.705378634,1.307233094,-0.315616505,0.012165048
0.005752428,0.031446606,-0.01917476,0.099325256,-0.017257284,0.159917497,-0.031830101,0.000383495,-14.12455361,0.666213575,-14.59852444,0.042029125,-2.229941856,-0.031834952
0.024160197,-0.641587465,2.286014869,1.670121583,-2.125330382,-0.077082535,-0.810708846,0.006519418,5.749097086,12.69374758,-9.850970865,-0.218135923,-0.311339808,-0.287616505
0.024543693,-0.557602016,-0.021859226,1.095645778,-1.400907955,0.01917476,-1.180398216,-0.031063111,-18.02,0.20805825,-12.97013592,-0.27523301,-0.081315534,-0.326300971
0.041417481,-1.273971044,-1.162373942,1.403592421,1.009359358,1.337247752,-2.273743023,-0.002684466,-9.897631078,-3.670699061,-13.01900971,2.45725256,-0.146519418,-0.248165048
0.070179621,-0.429131125,1.135145783,1.31500503,-0.17487381,1.328810858,0.255791296,0.008053399,-5.604601942,16.21205825,-6.504330096,2.187660287,0.47523301,-0.082849514
0.051004861,-1.393621546,-1.132077821,1.909806081,0.523087449,1.759859459,-0.235849546,0.00076699,-5.171504856,-1.353747577,-10.66258252,1.32792239,2.264922422,-0.179067962
0.048320395,-1.046174897,0.477835015,0.316767033,1.72227693,1.899068215,1.868005104,-0.004985438,-13.00492234,3.471067962,-8.652000085,1.968650618,-1.790835005,-0.016
0.088587391,0.410339861,-1.826587623,1.398606983,2.656471229,1.200723462,0.697194268,0.00076699,-0.764106798,-17.16345631,7.267708751,2.003873884,-0.909436926,-0.028
0.052155347,0.757403014,-2.328966331,2.038660467,0.122334968,1.497548744,1.994175024,0.00076699,2.536815539,-8.97594175,4.364485443,-1.123067962,-1.741286472,0.00076699
-0.001917476,-0.144194194,-2.421005178,1.828121604,-1.328427362,-1.232937058,2.771519789,0.006902914,2.768796052,-14.50565048,-3.304077525,1.287174844,2.617315661,-0.04476699
0.021859226,-0.021859226,-0.124635939,1.00207295,-2.338937206,0.388480635,1.419699219,0.070563116,-7.281815571,-2.287456307,-8.571398058,-0.605368933,2.42338359,0.023014562
0.064810688,-0.302194215,0.196733036,1.346451637,0.200184493,0.478985501,0.131538853,-0.002300971,-10.792,5.215611654,-6.311611654,0.305970875,0.217480582,-0.13923301
-0.060208746,-1.414330286,0.988650618,1.306951631,-2.149874074,1.092577816,1.662068184,0.003834952,-8.684747588,3.275067962,-13.67479612,-1.949844674,0.184,0.04323301
0.013422332,-0.375825293,0.118500016,1.913641033,0.231631099,-0.080917487,2.135301257,0.002300971,-4.726262124,3.626582519,-0.226252423,0.061699029,-0.012271846,0.025315534
0.017640779,-0.311014605,0.815310789,1.664369155,-1.649412842,1.772898296,2.602014911,-0.003451457,-2.66711651,10.97264079,-3.264252444,-0.501805827,2.436378729,-0.011398058
0.042567967,-0.464412684,-0.11658254,1.119038985,0.884339924,0.375441798,0.249271878,0.00076699,-18.02,-0.305417481,-11.32574758,0.49194175,-0.409150486,-0.086300971
0.095490304,-1.165825399,-2.356577985,2.042878914,-0.056373794,-0.453674818,-1.928597346,0.005752428,11.47036892,-4.854388367,-13.67862132,0.306300971,-2.175184546,-0.197917476
0.046402919,-0.833718558,-0.114281569,1.620650702,-1.107150634,0.208237892,-1.72304392,0.008436894,-16.89139806,-1.60394175,-10.32866019,-0.563669904,-0.017917476,-0.119616505
0.089737876,-0.577160271,1.532830302,0.512349583,-2.850519799,-0.1357573,-1.884111903,-0.003834952,-13.5321068,10.54881554,-4.926621366,-0.14876699,0.237315534,-0.28876699
-0.000383495,-0.663446691,0.627781637,0.704864172,-0.314849557,1.92821385,-1.003223435,0.002300971,-18.3962136,7.226194173,-11.24772815,0.310902914,1.494708804,-0.125699029
0.112364093,-1.367543872,-1.445776893,1.956209,0.300660234,0.872451573,-2.202412916,0.001533981,-0.328106798,-2.696155347,-12.3999029,0.306300971,-0.40076699,-0.291067962
0.037199034,-0.424145688,-2.530684805,1.076471018,0.996320522,-0.203252454,1.601475943,-0.000383495,-5.792990288,-9.089747577,0.768660192,0.40323301,-0.469150486,-0.032165048
0.054839813,-0.773509812,-0.230097118,0.949534108,-0.133839824,0.413791318,1.523242922,0.042951462,-23.27557281,-2.413533981,-14.49897086,-0.171669904,-1.920461232,0.008
0,-0.008053399,0.002300971,-0.001533981,-0.021859226,0.087436905,-0.037966025,0.003067962,-15.72679612,0.032213597,-15.15091257,0.230796115,-2.267199098,-0.016053399
0.052538842,0.65232533,-2.309024581,1.609912837,-1.192286567,1.181548702,0.011888351,0.013805827,-2.518194173,-9.675223308,8.374427214,0.531776702,-0.605262134,-0.112
0.01917476,-0.83755351,-0.010737866,1.216446765,-1.817000243,-0.293373826,0.571024348,0.027995149,-21.80152428,0.767669904,-14.11456312,-0.073097086,0.38082039,0.072
0.063276708,0.421077726,2.292917783,0.977145762,-0.087436905,-0.498160261,-0.655776787,-0.003834952,-7.428106798,12.47687379,10.30300971,-0.179834952,2.34842732,-0.257315534
-0.004218447,-0.029912625,-0.009970875,-0.003834952,0.023009712,0.077849525,0.02876214,-0.006902914,-15.51901946,-0.559786403,-15.44279612,0.006572817,-2.24227676,-0.20317961
0.073631078,-1.250961333,-2.153325531,0.675718537,2.345456625,1.151252581,-1.398606983,0.00076699,-0.163543703,-2.758621366,-4.747067962,1.643912731,-1.916208831,-0.291781553
-0.177174781,-1.419699219,-0.079383506,1.241757448,1.404742907,0.434500058,-1.794757522,0.002300971,-16.7954369,1.59605825,-14.80170873,1.769602059,-0.22158738,-0.342082524
0.03911651,-0.921538958,1.353738045,1.422767181,2.248815835,-0.360485485,1.394388536,0.040266996,-7.624962454,11.97598127,-12.39281524,-0.128194194,2.822543841,-0.014082524
0.031830101,-0.636218532,1.479907965,1.314621535,-0.390014615,0.598636002,-0.197116531,0.00076699,-4.896106798,17.10405825,-9.179126211,1.523805933,-1.742436958,-0.110466019
0.012271846,0.174106819,-0.821446712,0.641587465,-0.316383538,0.587898137,-0.528839877,0.006519418,-6.455504856,-11.32679612,-5.423223308,-1.313970917,0.568436894,-0.278082524
0.06864564,-0.80802438,-0.711000095,0.709082619,-0.104310694,0.918470997,-0.745131168,-0.000383495,-19.56329126,-6.640932038,-12.95172815,-0.909019434,-1.355961195,-0.164165048
0.083218458,-0.559135997,0.825665159,2.330116817,2.436728482,-0.414941803,2.236160494,-0.00076699,1.726689317,9.667339808,0.669087385,0.11923301,0.227067962,-0.020985438
0.013422332,-0.967941877,1.259014732,0.798437,-0.097791275,-0.081300982,1.795908007,0.002684466,-12.39332043,8.981844717,-11.04161172,0.027834952,-1.85526224,-0.065150486
0.051004861,0.10622817,-0.837170015,0.721354466,-0.986733142,-0.802271952,1.324208915,-0.000383495,-10.07408737,-9.923456307,-6.036271846,0.780708741,-0.084,-0.035616505
0.005752428,-0.25233984,-0.356267038,0.482820453,-2.814471251,0.099708751,1.31500503,0.002300971,-18.46783499,-3.355126211,-14.02879614,-0.218135923,3.104514716,-0.11276699
0.068262145,-0.462878703,-1.517106999,0.401902966,-0.276116542,-0.32175247,-1.232553563,-0.000383495,-18.26739806,-8.467669904,-2.464271846,0.335067962,0.416165048,-0.128
0.077082535,-1.256330265,-2.034825515,1.012810815,1.822752671,2.070874064,-2.150257569,0.001150486,1.359893202,-3.646019424,-8.26005825,2.399640927,-1.059834952,-0.289917476
0.079767001,-1.268218616,-0.710233105,1.986121625,-0.271898095,-0.30181072,1.031218585,-0.003451457,-12.82548543,-3.400718442,-11.65514561,0.312495144,-1.984140837,-0.004932038
0.077082535,-1.379432224,-0.916553521,2.10308766,2.268757585,-0.056373794,-1.718825473,0.001533981,-8.110902914,-2.322737866,-11.82827185,0.117203885,1.412252486,-0.167616505
0.060208746,-0.903898179,1.384417661,2.250349816,2.581306171,-0.824131178,0.589048623,-0.00076699,1.763504856,10.28,-7.380660192,0.223067962,0.38076699,-0.011067962
0.060592241,-1.385951642,-0.810325351,1.051160335,0.232781585,-0.704864172,-0.226262166,-0.003834952,-12.03756313,-1.011650501,-13.27462137,0.009543682,-1.249495218,-0.185917476
0.005752428,-1.381733195,0.30257771,1.891781807,-1.746820622,1.23677201,1.753340041,0.002300971,-14.73463111,1.261844674,-12.0601359,-2.230174813,1.81220398,-0.017150486
0.028378645,0.626247657,-1.866854619,0.773509812,0.789616611,0.234699061,0.663446691,0.023393207,-8.264601942,-12.53699029,9.51376698,-0.452330096,0.114247572,-0.055616505
0.059825251,-0.831801082,-1.915175014,1.331878819,1.385568147,-0.092038847,-2.237310979,0.001917476,-4.036689254,-12.34603887,-9.795864267,0.129970875,-1.852480677,-0.199067962
-0.000383495,-0.008436894,0.003451457,0.001917476,0.037582529,0.094339818,-0.028378645,-0.001533981,-15.72704856,1.823669904,-15.64186408,0.070407769,-2.275689391,0.011893202
0.090888362,0.599786488,-1.305034155,1.205325404,-2.374985755,-0.893160314,1.714990521,0.001917476,3.515893202,-14.29227185,7.748757289,-1.215805848,-0.289917476,0.027616505
-0.00076699,-0.837937005,-0.563354444,2.487349848,0.03834952,-1.167742875,1.787854608,0.002684466,-6.88464079,-4.435669904,-0.770271825,1.098252507,-2.205553468,0.060165048
0.015339808,-1.241757448,-1.8204517,1.970781817,-1.850364325,0.664980672,-0.729024369,0.006902914,5.424873746,-5.281417524,-13.38730105,-1.454446617,1.954165154,-0.177150486
0.064810688,-0.269213628,0.412640832,0.834485549,0.687606888,0.091655352,-0.003834952,0.016106798,-13.79139806,7.6,-12.00893204,0.355067962,-0.497917476,-0.029533981
-0.001150486,-0.473233073,2.405665371,-0.017640779,-1.903670158,0.767757384,-0.861330212,-0.098558266,-16.13754643,3.658426834,10.03042971,1.425592527,-1.986058356,-0.295616505
0.002300971,-0.435267049,1.922461422,0.130004872,-1.833490537,0.687606888,-0.771592336,0.006135923,-15.55490291,5.849533981,3.912660192,-0.012601942,-2.284524332,-0.092
0.01994175,-0.689140869,-0.098558266,1.421616695,0.706014658,0.371606846,-1.632539054,-0.003451457,-18.91670874,-0.240485443,-10.52452425,0.512932038,-0.546519418,-0.315616505
0.048320395,-0.251189354,1.326126391,1.054228296,0.065194183,-0.688757374,-0.183310704,-0.001150486,-7.643504856,17.20099029,-5.333747577,-0.881805827,-0.563009712,-0.107019413
0.024160197,-0.002684466,1.854966268,1.348369113,-0.223194205,1.898301225,1.852281801,-0.001533981,2.156,17.88392235,0.437805827,2.556903019,-0.444548543,-0.056330096
0.021475731,-0.30181072,-0.344762182,1.737616737,-0.207470902,1.154704038,1.467636119,0.004601942,-4.364106798,-5.256,0.196893191,-0.599611654,2.692296226,-0.036
0.022242721,0.569490368,1.133995297,1.548937101,-2.746209106,0.230480613,2.452068289,0.000383495,10.448,15.832,7.83034952,-0.197368933,-1.692961227,-0.004932038
0.023009712,0.619344743,0.714835047,1.403592421,-2.329349826,0.296825282,2.080461444,0.001917476,13.02099029,10.97440773,6.801864077,0.055067962,-0.95005342,-0.090082524
-0.000383495,-0.036815539,-0.008053399,0.073631078,-0.001533981,0.11734953,-0.026077673,0.006135923,-15.16101927,0.440116542,-16.18064087,0.079262113,-2.309820464,-0.115859205
-0.232398089,-1.396306012,1.696199256,1.140898211,1.818150729,-1.45076233,-1.73339829,0,2.691961153,3.594213618,-11.79265998,-1.513000032,1.567616589,-0.229699029
0.066344669,-1.375213776,-0.312548586,0.894310799,2.146039122,-0.971776829,-0.810325351,-0.001533981,-15.25376698,-0.885145635,-12.93089309,-1.230835005,2.024296226,-0.12
-0.002300971,0.881271963,1.713840035,0.104310694,0.237767022,0.243135955,2.518796454,0.003451457,-9.920601942,5.10405825,2.876796094,0.640601942,1.914669999,-0.056
-0.004218447,-0.00882039,0.013805827,0.044101948,0.003067962,0.157616526,0.01917476,0.010737866,-14.74563108,0.905281622,-15.99654382,0.082796115,-2.424470976,-0.210466019
-0.001533981,-1.418548734,-0.062509717,2.281412927,-0.024927188,0.441402972,-1.142432192,0.007669904,-10.66659226,-0.595067962,-8.839650459,-0.008330096,-0.403451457,-0.324
-0.018407769,-1.364092416,1.15930598,1.025082662,2.109990574,-0.867466136,1.191519577,0.003067962,-6.84018462,3.489378719,-13.46805825,-0.971194205,2.360058377,0.033310683
-0.049087385,-1.17694676,1.908655595,1.512888552,-0.304878682,0.70102922,0.703330191,0.002684466,6.147893202,8.168388346,-13.84493204,0.251456307,-2.012203938,-0.084
0.024160197,-0.985582656,-0.219359253,0.873602059,-0.646572902,0.025694178,-0.903514684,0.003067962,-21.05851457,-1.455067962,-15.12267962,-0.162902914,-1.813767064,-0.176383495
-0.024543693,-1.3732963,-0.29299033,1.08030597,-2.364247889,0.033364082,-1.378665233,0.018024274,-16.2512428,-1.688601942,-15.08159232,-0.72005825,2.295437032,-0.314082524
0.003834952,-0.743213692,-1.588820601,0.819912731,0.176024295,0.996704017,1.112136071,0.006135923,-11.73660194,-12.37145631,-7.359611654,-0.978135923,-1.57951945,-0.052548543
-0.071713602,-1.388636108,-0.676869023,1.413946791,-2.363480899,0.012271846,1.221048707,0,-14.04841758,-0.883611654,-15.01829127,-0.710029125,2.683733174,0.05676699
0.03911651,-1.380582709,-0.378509759,1.877208989,-2.735087745,-0.553383569,-0.987883627,0.011888351,-14.44470874,-0.391398058,-12.4408349,-0.25523301,1.841373868,-0.101533981
0.005752428,-0.237383527,1.920927442,0.879737982,-0.60438843,1.910573071,2.169432329,-0.012271846,-5.563398058,15.82126213,-0.341087385,2.177174866,-0.426082524,-0.057150486
-0.062126222,-0.899296237,2.721665413,1.309636098,-1.383267175,2.068956588,-2.147573103,-0.002300971,6.108990288,6.363126211,-8.027242711,-1.119990299,-0.597917476,-0.176
-0.028378645,-0.813393313,0.48627191,1.763694411,-1.126325394,0.825665159,-1.120956461,-0.001917476,-12.4681068,5.691456307,-8.249533981,-0.659834952,1.153291323,-0.128
0.081684477,-0.387713644,0.235466051,1.075704028,-1.77174781,-1.056145772,1.558907976,0.001150486,-13.5598932,5.099456307,-10.69194175,1.869378761,-1.309878671,0.009917476
-0.001150486,-0.330189365,2.54065568,0.961038964,-1.045024412,1.477990489,1.048475869,-0.007286409,-2.523048559,10.34881554,1.390407769,1.7461943,-2.071582593,-0.035616505
0.01035437,-0.077082535,0.234315565,1.253645799,-0.181393228,1.107150634,0.20440294,-0.004601942,-2.568601942,4.729320384,-3.527902903,0.425970875,2.318223404,-0.204
0.090504866,-0.411106851,0.839470986,0.82796613,-1.924378898,-0.65232533,0.859796232,-0.00076699,-15.01646604,11.46097089,-10.56168933,0.837310683,-0.99304858,0.045917476
0.029145635,-1.032752565,1.683543915,1.049242859,0.616276782,-0.160300992,-0.398068014,0.001917476,-4.28152428,9.785747577,-11.01073787,0.087669904,-0.383067962,-0.178684466
-0.041033986,-1.285092405,1.924378898,0.303344701,-1.313087554,0.76008748,2.062437169,-0.001150486,-1.525097086,3.451126211,-3.178912657,-0.12876699,-2.213917561,-0.000383495
0.057907775,-0.221276729,-0.246203916,1.254796284,-0.120033997,0.483587443,2.80334989,0.004218447,-10.06509709,-4.279339808,-6.184718442,-0.179834952,0.09358738,0.010300971
0.039500005,0.814543798,1.80127694,1.388636108,-2.152942036,1.722660425,-0.161834973,0.002684466,-2.114796115,11.72264081,9.724601942,0.519834952,1.145218521,-0.12158738
0.066344669,-0.46709715,2.236543989,0.455592294,0.263077705,-0.166820411,-1.931281812,0.005368933,-12.75752428,7.993572828,4.636271804,0.097747577,1.797339914,-0.203616505
0.060592241,0.006135923,-0.066728164,1.125941898,-0.294524311,-0.635451541,-2.053233285,-0.010737866,-6.336495144,-0.279339808,-6.865941729,0.193533981,-2.072364135,-0.286849514
0.034898063,-0.393849567,0.036815539,1.887946855,-1.384417661,0.090504866,-1.029301109,0,-6.170902914,1.752,-0.666310672,-0.094631067,0.248932038,-0.19441262
0.083218458,0.462495208,-2.274893508,2.355810995,0.181776723,-0.274582561,2.159844949,0.001917476,9.471009712,-10.45933981,-0.384330096,0.383834952,0.000713591,-0.059067962
0.178325267,0.378893255,-0.691058345,2.108073098,0.936878766,-0.199034007,0.68108747,-0.001533981,12.48838835,-10.26619417,11.09928156,0.47276699,-0.062519418,-0.058300971
-0.006902914,-0.013422332,0.003067962,0.087436905,0.001917476,0.13652429,0.00958738,0.016873789,-14.99465047,1.717533981,-15.6664079,-0.020165048,-2.305524364,-0.210466019
0.075165059,0.083601953,2.307874095,1.254412789,-0.465563169,0.465563169,-0.950301098,0.004218447,0.11935921,15.39654369,3.820757289,1.651233137,-0.476436894,-0.289150486
0.079383506,-1.216446765,0.786548649,2.135684752,0.389247625,-0.328655384,0.077082535,-0.00076699,-9.184533991,4.768990288,-10.31353398,-0.209699029,-1.632097139,-0.085150486
0.032213597,-0.916553521,-1.522859427,1.044640917,-1.969247836,1.15853899,-1.835024518,-0.003834952,-8.044601942,-9.808330096,-9.073844674,-0.793970875,0.052165048,-0.196
0.019558255,-1.088742864,0.77926224,1.548553605,-0.880888467,0.526922401,0.484737929,0.003451457,-14.33702914,6.774679616,-13.16963108,-0.514466019,-1.035970896,-0.04564563
-0.001533981,0.015723303,-0.01035437,0.047169909,-0.00076699,0.141509728,0.002684466,0.003067962,-12.72833014,0.356038847,-15.28046604,0.244932038,-2.386563201,-0.194849514
0.015339808,-0.132689338,1.434655532,2.027155611,-2.58859258,-0.709082619,2.243446902,0.003451457,7.152495144,17.73636894,-0.815572807,1.240097139,-1.228810731,-0.026796115
0.042567967,-0.484354434,-0.872451573,1.167742875,-1.080689465,0.066344669,1.4611167,-0.004601942,-15.42633982,-12.68761165,-9.409300982,-0.499563106,1.273718516,-0.031781553
0.074781563,-0.531907838,0.606305906,0.656543777,-0.454441808,1.004373921,-2.520330435,0.002684466,-19.21890291,7.182951462,-12.64563108,0.148330096,-1.027092257,-0.167616505
0.085519429,0.847907881,-1.644427405,-0.00882039,-0.76008748,0.05829127,0.516184535,0.001533981,-10.50761165,-2.312,1.389378634,-0.339669904,2.068878724,-0.054466019
0.000383495,-0.009970875,-0.021859226,0.064043698,-0.007669904,0.113514578,0.005368933,0.005368933,-14.67800006,0.866077631,-15.97794194,0.205427183,-2.168233084,-0.193699029
0.058674765,-1.302349689,-1.564276908,1.779034219,0.076315544,0.814927294,-1.210310842,0.003834952,0.156388346,-3.859611654,-13.05458252,-0.179834952,-1.068611686,-0.288
0.054839813,-0.752801072,0.733242817,0.747432139,-2.010665318,0.454441808,1.112519566,0.001917476,-18.29939806,7.446737866,-13.19856312,-1.237019434,-0.094684466,0.029038837
0.03834952,-1.253645799,-1.581150697,0.364320437,-1.71345654,1.322291439,-0.652708825,-0.003451457,-3.807446522,-2.150854365,-4.079009712,-0.548330096,-1.831092299,-0.16723301
0.06864564,-0.192131094,0.709466114,2.167131358,-1.499082725,1.764077906,0.503912689,0.004985438,4.763291259,9.244543693,3.53834952,0.47917476,2.858267101,0.027616505
-0.098941761,0.021092236,-0.002300971,0.055223308,0.004985438,-0.001150486,0.002300971,0.278034018,-15.07427111,0.992615041,-15.88729564,0.188610265,-2.370032359,0.027049428
0.059825251,-0.725572913,2.28678186,0.595568041,0.858645746,0.17487381,2.173267281,0.003834952,-7.337672835,7.52280027,0.147698343,0.157306879,1.286786565,-0.016446265
0.021859226,-1.146267144,1.361407949,0.61244183,0.920388473,-1.538966225,2.747359591,0.001150486,-10.01721092,4.549979907,-7.401832684,-1.563724485,2.12298687,-0.028266236
0.047553404,-1.038504993,-0.635068046,0.3992185,0.913869054,0.63238358,-0.397684519,0.006135923,-18.92790066,-2.577868594,-11.3017412,0.804308801,-2.227544277,0.014957731
0.044101948,-1.380966204,-1.064199172,1.26476716,1.502150687,0.773893307,0.995937027,0.001917476,-10.17263459,-2.880905969,-14.17384203,1.946316124,-0.740285555,0.015488874
0.077082535,-1.376747757,0.132689338,0.748199129,-1.028150623,0.722504951,1.422767181,0.001150486,-15.51519707,0.913247798,-12.8865649,-1.156187579,-1.730173334,0.048559169
0.340543735,-1.292378814,-1.554689529,1.550471081,-0.585597166,0.626247657,-1.29429629,0.002684466,0.281993811,-5.37337622,-14.4803261,-1.209046694,-1.23732752,-0.05069691
0.009203885,-0.358568009,0.412257337,0.985582656,0.980980714,-0.786548649,-1.157388504,0.003451457,-15.8277474,6.055132226,-11.84653629,-1.187919287,-1.053172981,0.022383818
0.088203895,-1.047708878,2.276043994,0.750116605,0.325203927,-0.101626227,0.054072823,-0.001917476,0.435955405,5.734743781,-5.718936017,0.070602479,-0.413224867,0.02355427
0.137674776,-1.368310863,0.228946633,1.262082693,-0.031830101,-0.49662628,0.70179621,0.00076699,-17.3864443,1.07903073,-15.10071945,0.204557589,-2.02209959,0.046193457
-0.023393207,0.016490293,0.021092236,0.049087385,-0.00076699,-0.003067962,0.000383495,0.047553404,-15.04562941,1.276271894,-15.74875142,0.209642033,-2.366800746,0.031607327
0.014956313,-1.396689507,-0.447538895,1.662451679,2.107306107,-0.433733068,-2.746209106,0.003451457,-15.15606418,-1.491032441,-14.67632859,-0.719117071,1.38762813,-0.015946567
0.056373794,-0.074014573,-0.884339924,1.480674956,-0.426830154,-0.112364093,-1.893699283,-0.001917476,-1.886003802,-15.12224733,-1.561389617,-0.044558334,0.39225895,-0.002891101
0.049087385,0.780029231,-0.828733121,1.125174908,1.229102106,-0.86708264,-0.574475805,0.001917476,5.594412623,-9.491923378,6.168764698,1.198418382,-1.866421784,-0.032758009
0.088587391,0.635835037,-1.543568168,0.388480635,2.373835269,-0.048320395,1.775199267,0.013805827,-8.559428333,-8.425790904,3.70331171,0.199563253,-1.711084946,0.006874256
0.000383495,0.016490293,-0.025310683,0.027611654,0.02952913,-0.021475731,0.01994175,0.003067962,-14.66962089,0.579149751,-16.04229617,0.200794893,-2.278897025,0.031040034
0.02952913,0.218975757,0.100475742,0.954519545,-1.924378898,0.15646604,1.500616706,0.006902914,-2.137256052,1.845518359,-5.714662125,-0.270181851,1.162595718,0.004221481
0.001917476,0.030296121,0.00958738,0.045252433,-0.018791265,-0.007669904,0.024543693,-0.001533981,-15.00244025,0.877752293,-15.8957696,0.053197163,-2.318516675,0.036345245
0.055990299,-0.303344701,2.259553701,1.927063365,-1.874908018,0.181393228,-1.219898222,0.001917476,6.775724261,15.26654284,-7.562243659,-0.451906773,-1.545873284,-0.051784221
0.07746603,-0.049087385,0.326354413,2.186306118,0.449072876,-0.638902998,-1.388252613,0,7.456978054,6.012942473,6.96225006,-0.147600682,0.128513701,-0.02625214
0.046402919,0.11734953,-1.453446797,2.367699346,2.043262409,-0.066344669,0.521553468,-0.000383495,13.3323775,-15.33716033,3.124960195,0.242836975,-2.285635454,0.05155047
0.046786414,0.057140784,-1.030068099,2.12226242,2.155243007,-0.070946611,0.335941793,0.002684466,8.659676891,-14.99678374,5.358450674,0.224175847,-2.156667246,0.042514733
0.042951462,-0.130004872,-0.543029199,1.842694421,2.196660488,-0.171422353,0.075165059,0.004601942,0.376869296,-9.609927313,2.052023323,0.07764408,-1.371254728,0.030818094
0.075932049,-0.942247699,-1.871456561,1.226801135,1.584218659,-0.50698065,1.17771375,0.004218447,-2.86481406,-10.73004506,-10.85732405,-0.518123079,-0.706584274,0.007796401
0.019558255,0.103160208,0.163752449,1.943553658,2.412184789,0.006519418,-1.81009733,0.020325245,9.428395632,4.032828562,6.972786725,-0.089606568,-0.162062534,-0.137516041
0.052538842,-0.230864109,-1.075704028,1.096029273,1.975000264,0.843305938,-1.309636098,-0.002684466,-11.76820227,-13.7922432,-5.387035641,1.577038257,-0.344533941,0.018578222
0.022242721,0.497776766,1.222966183,0.869000116,1.942403173,0.057140784,-1.638674977,-0.004218447,-2.938012549,14.01954286,2.089149952,-0.288322483,2.459313249,0.022487857
-0.249271878,-1.099864225,2.226189618,1.390937079,1.200723462,-0.238917508,-0.347446648,0.002300971,7.542976546,7.596200096,-12.86148232,-0.215734552,0.278049466,0.045106038
0.033364082,1.054611792,1.406660382,0.284936931,1.408577858,0.895461285,-1.211461327,-0.002684466,-9.359362735,4.776432212,2.480477973,-0.237699073,2.881936456,0.030283361
0.016490293,-0.439868991,1.810480825,0.842155453,-0.926907891,0.676869023,-1.214912784,0.002300971,-9.414935497,15.00638102,-3.215147389,0.825405779,-2.15495705,-0.009326018
0.056757289,0.372373836,-0.492407833,0.312548586,0.372373836,-0.232781585,-1.022398195,0.004218447,-7.15856395,-3.497778918,-10.37215994,0.152302553,-2.106388139,-0.035709387
0.059441756,-0.583296195,1.538199235,0.404970928,-1.584985649,2.038276972,1.85880122,0.001150486,-13.90909726,8.211822161,-3.172970238,-0.419203519,-0.119350138,0.010678898
0.018407769,0.013038837,1.896000254,0.431048601,0.952985564,-0.293757321,-0.121567977,0.007669904,-12.9994219,10.32439922,4.137687857,-0.280789661,2.984974003,-0.013549426
0.025694178,0.20363595,-0.406888404,0.306029167,0.316000042,0.649257368,1.417398248,-0.005752428,-8.741252283,-2.906665712,-11.1863875,-0.014352523,-0.89410685,0.021040413
0.05752428,-1.273587549,-2.361946918,1.695432266,0.380810731,1.105616653,-2.739306192,-0.002684466,11.87168634,-4.225308879,-13.97293701,0.525826904,-1.193486944,-0.026026273
-0.169121382,-1.413179801,-0.561820464,1.660150708,0.693742811,-0.086286419,0.845990405,0.001917476,-14.70630483,-1.506237515,-15.01403972,0.218750609,-1.946111427,0.045500546
0.020325245,0.589432118,-0.276500037,1.46993709,-1.342616685,1.650563328,1.189602101,0.005368933,12.50956982,-5.389856549,7.003260578,1.071423227,2.498999343,-0.027547398
0.067111659,0.269980619,-2.267990595,2.2676071,-1.643660414,-0.956820516,1.563509918,0.005368933,8.94657261,-13.00221896,-2.427901641,0.08202428,2.879053357,-0.036510543
0.04870389,-0.040266996,-1.389403099,1.461500196,0.89584478,0.684155431,1.348752608,0.002300971,-1.958284604,-18.731455,0.164367851,-0.812616357,-1.185932404,0.034083314
0.001917476,-0.594801051,-1.541650692,1.483359422,-1.638674977,1.942019677,-2.108840088,0.005368933,-6.328594528,-14.42956155,-6.650518093,-1.312934316,-0.874919173,-0.018055411
0.05752428,-0.190597113,-1.17848074,-0.053689328,-1.509437095,0.667281643,-2.632311032,0.088203895,-15.6132162,-3.535596928,-5.046150012,-0.823629447,1.903617301,-0.02284444
-0.005368933,-0.091655352,-2.468175088,1.147801125,-1.660534203,-1.491029326,1.464184662,0.012655342,-4.907005411,-12.9950507,3.997060142,-0.771073828,2.607698332,-0.049600202
0.0479369,0.063276708,-2.787626587,1.010893339,0.877820506,-0.356267038,2.290233316,-0.001533981,-7.897796295,-6.505524692,9.436686761,0.385397939,0.804042224,0.02792056
0.063276708,-0.97331081,-0.727490389,1.07148558,1.087592379,-0.734009807,-2.266073119,0.012655342,-18.94580384,-6.74632166,-13.90589097,-0.781221782,-1.3594584,-0.031203584
0.052155347,-0.927291386,-1.691597314,1.855733258,2.410650808,-0.282252465,2.290616812,0.009970875,-0.944606937,-11.67862686,-11.16757805,-0.458810621,0.350426836,-0.052378698
0.044868938,-0.665364167,-0.102009722,1.427369123,-0.130004872,-0.14611167,2.490801304,0.004218447,-17.92757287,-0.880903489,-11.16259498,0.143629081,-1.890819856,0.013646279
-0.003451457,-0.001533981,-0.007669904,0.04947088,0.004601942,-0.016873789,-0.004601942,0.006902914,-14.47937947,1.006298305,-15.76782525,0.198166302,-2.297152429,0.027283976
0.085135934,0.210155368,2.205097383,2.130699314,-0.383495197,0.782713697,2.095417756,-0.001150486,10.1058088,13.55504584,-2.707027408,1.542101356,-1.708614017,-0.012509879
0.065577679,-0.801504962,0.92460692,0.429514621,0.49662628,0.398068014,-2.142971161,-0.001533981,-17.89980758,7.390322518,-11.0155728,1.412654618,-1.211651726,-0.034240068
0.062126222,1.015111786,2.451684794,1.488344859,1.031985575,1.696199256,-0.388480635,-0.001533981,-13.57985869,5.980176301,11.62588507,-1.608577922,-1.099748941,-0.025966842
0.085135934,-0.362402961,1.767145868,0.84714089,-1.476073013,1.793990531,2.854354751,0.004985438,-9.45655474,13.71787798,-2.107964839,-0.013480398,-0.330876767,0.000581275
0.057907775,-0.410339861,2.493102276,0.712917571,1.06036422,-0.131155357,1.364092416,-0.002684466,-9.385081054,8.567575121,4.51635533,-0.12423439,2.453158198,-0.039254941
0.065194183,0.271514599,0.185611675,0.676102032,-0.495092299,-0.15646604,0.375058303,-0.00076699,-4.704571012,3.542482724,-8.626343133,0.128098489,-1.609386427,0.029554199
0.070946611,-1.341466199,-1.054995287,0.143043708,2.203179907,-1.341849694,-1.983437159,0.007286409,-4.834762864,-1.43363167,-3.951750566,-0.652156513,2.70652411,-0.03141558
0.070563116,0.169121382,-1.086825388,0.107378655,1.293145804,-0.952218574,-0.808407875,0.01035437,-12.08418671,-4.771973074,-5.823655204,-0.166350177,-1.85835587,-0.000450279
0.057907775,-1.400140964,-1.814699272,0.879737982,-1.094495292,-1.582301183,-0.822980693,-0.00076699,1.631209452,-2.436552946,-9.311666838,1.653023861,1.748991303,-0.024922937
0.075932049,-1.160839961,-0.375825293,0.611291344,-1.125558403,0.955286536,1.755257517,-0.00076699,-17.75032577,-2.342715809,-12.721699,-1.732831133,-1.369331164,0.079304128
-0.459427246,-1.427369123,1.668971097,2.079694453,-1.010509844,0.646572902,1.698500227,0.001917476,4.969557408,3.147830668,-12.51732,-0.995614819,-0.258036972,0.032433849
-0.05905826,-0.641587465,2.318995456,1.793223541,-0.51656803,-0.699111744,2.029073087,0.008436894,6.927012636,11.31837979,-10.25540195,-0.042588746,-1.078564661,0.005182124
0.011121361,-0.018407769,0.132305843,2.020636193,-1.510204086,-0.564888425,-0.715985533,0.001150486,7.502538003,4.156105348,6.626750822,-0.398236563,-1.27269379,0.018235462
0.088203895,-1.404742907,0.215907796,2.408349837,-1.826971118,0.938029252,2.631927537,0.006135923,-10.07392637,1.449191553,-7.982227153,-1.175780329,2.445730227,0.030306784
0.027228159,-0.325970917,-2.067039112,1.961961428,0.67150009,0.424529183,0.426830154,0.00076699,6.085741182,-16.22157083,-6.510046823,-0.28091869,-2.213776897,0.015403124
0.179092257,-1.341466199,-2.328199341,2.350442062,2.707859586,0.029145635,2.260704186,0.006519418,13.08437856,-2.726709027,-12.58088186,0.036497472,2.415076292,-0.035580142
-0.032213597,-1.39170407,-1.527844865,1.175412779,0.208237892,-0.005752428,0.052155347,0.007286409,-1.231748514,-3.335536828,-14.36337577,0.186249195,-2.267884571,0.029428372
0.016873789,-1.389403099,-1.501767191,0.053305832,-2.274510013,0.363936942,-2.148340093,-0.001533981,-0.891319103,-0.294712077,-0.103439296,0.04750039,-0.529153086,-0.098282978
0.012655342,-1.394388536,-0.627781637,0.91578653,0.255407801,-0.980597219,-1.369844844,-0.004218447,-12.0360525,-1.513257367,-11.94969407,-0.088284256,-0.305800162,0.003431709
-0.23316508,-1.408577858,1.298898232,1.361024454,1.698116732,-1.279723472,0.975995276,-0.003834952,-4.815766338,3.047952612,-14.07542504,-2.019924787,0.588193915,-0.008371453
-0.004218447,-1.119805975,-0.771208841,1.922844918,0.057907775,1.058830239,0.553000074,0.003067962,-10.82017272,-4.902156202,-9.00183321,-0.441891045,1.13361553,-0.01466774
0.077082535,-1.36370892,-1.253645799,1.145500153,-0.782713697,1.858417725,-0.307563148,0.008436894,-3.501222664,-3.347648542,-12.06735531,-1.8317414,-0.365500374,-0.037751589
0.052538842,-1.37252931,-1.982670168,0.696810773,-2.320912932,0.293373826,2.075092511,0.001150486,5.038808907,-2.590243551,-8.679132138,-0.372793252,0.581301085,0.007032146
-0.004601942,0.673417566,-1.154320543,1.958126476,-0.468247636,-0.345529172,-2.305573124,0.003834952,13.00183485,-12.91698301,10.5975355,0.068420801,2.743295364,-0.089263188
0.023009712,-0.429514621,-2.202796411,0.903898179,0.864398174,-0.059825251,2.236543989,0.095106809,-9.198265658,-12.96671676,0.489334128,0.064410056,-1.236596417,0.032272071
0.018407769,0.499310746,-2.67641298,0.463262198,-1.67510702,0.021859226,-1.290077843,-0.001917476,-13.44696219,-5.011343198,14.31277864,0.321226246,1.396216155,0.047424659
0.012271846,-1.035437032,-0.376208788,1.476840004,-1.865320638,0.030679616,1.339932218,0.025694178,-20.10231725,-3.627701686,-13.89088543,-0.3733717,1.634946868,-0.005215062
0.053689328,-1.203407928,-0.696810773,0.47745152,-0.475150549,-0.640436979,1.021631205,-0.001917476,-14.97599952,-2.113142193,-9.721152555,0.710083445,-0.023392902,-0.002935029
0.092038847,0.150330117,-2.931437286,1.226034145,-1.989573082,-0.664213681,2.492335285,0.021859226,-4.78438048,-5.763831714,6.834586297,-0.656247966,1.657346271,-0.028878996
0.032213597,-0.283786446,-2.595495493,1.392087565,0.551466093,0.482820453,0.674568051,0.06864564,-1.349754694,-10.85223071,-1.715487892,-0.414611964,-1.810132496,0.020286177
0.018024274,-0.709466114,-0.294907806,1.188451615,1.210694337,0.483970939,1.219514726,0.006519418,-20.91213081,-2.67871535,-13.11505011,1.323162474,-0.575691342,0.004973129
0.015723303,-0.07823302,0.314849557,0.799587486,2.639213946,1.087208883,0.044485443,-0.005368933,-11.9150079,5.843718689,-11.38868976,0.060962111,2.901301525,-0.023778013
0.049087385,-0.552233084,-1.202257443,0.510432107,0.105461179,0.530373857,0.384262187,-0.001917476,-18.56441572,-10.48812556,-8.061789232,-0.995515192,-1.615841792,0.008859646
0.032597092,-1.252495313,-2.847451838,0.377359274,2.154092521,-1.176179769,-2.162145921,0.005752428,4.715694227,-0.960531596,-1.479965212,-0.209189012,2.632101021,-0.042972299
0.064427193,-0.567956387,-2.832495525,1.657849737,1.660150708,1.365242901,-1.891398311,0.001917476,6.172603397,-7.315463212,-7.455157406,1.648796775,-1.86107634,-0.031025024
0.080917487,-1.156238019,-0.538810752,1.980369197,0.790383601,0.220509738,-0.337092278,0.011121361,-14.51385646,-3.341529529,-10.38148418,0.410527489,-1.023752922,0.022273614
0.087436905,0.077849525,1.321140954,1.929747831,-1.746437127,1.034286546,0.345145677,-0.003067962,7.284245127,17.18135732,2.130613826,0.175773331,-0.595729765,0.017210908
0.083218458,-1.065733152,1.160072971,0.130388367,0.375441798,0.373140827,-3.006602344,-0.00076699,-11.82440891,3.780813551,-5.1567186,0.644175636,-1.044581607,-0.063349923
0.054456318,-0.823747683,1.181548702,0.703713686,1.925912879,-1.262466188,1.157388504,0,-15.37267789,8.818806295,-9.958103351,-1.018890861,2.10144009,-0.030857557
0.063660203,-1.309252602,-1.130543841,1.664369155,1.001305959,-0.441019477,1.723427415,-0.007669904,-7.93283441,-4.698722471,-14.5530551,-0.384802857,-1.753042584,0.006279038
0.06787865,-1.226801135,1.040038974,1.402825431,1.583068173,-0.478218511,-0.506597155,0.00076699,-10.93344781,6.227362081,-14.65161786,-0.790199874,1.308886741,0.040455222
0.062509717,-0.554534055,-1.267835121,2.068189597,2.681398417,0.715602038,1.720742949,0.004985438,-2.274924686,-14.72653469,-5.149809487,1.687604215,1.234530382,-0.0340257
-0.027995149,-1.407427373,-0.216674786,1.581534192,0.252723335,-0.436034039,-2.096568242,-0.001533981,-17.19514475,-0.495479617,-15.19533926,-0.051080206,-2.297552432,-0.05000629
0.02952913,-0.098558266,-1.085674903,2.429058578,0.981364209,-1.00283994,-2.45360227,0.006519418,9.936889949,-13.42866441,4.504544664,1.751400193,-1.519201067,-0.022218313
0.075165059,-1.312320564,-0.533058324,2.347757596,-1.389786594,-0.160684488,0.031446606,0,-9.966428663,-1.814399972,-8.008513072,0.025440098,-0.138667462,-0.019813835
0.075548554,-0.538043761,1.278572987,1.27588852,0.692208831,-1.318839982,-2.393393524,-0.002300971,-10.28053254,14.69986562,-8.511005109,-2.094908142,-0.137830714,-0.020079778
0.061742727,-0.733626312,-1.029301109,1.04118946,-0.78884962,0.130388367,-2.076626492,-0.003067962,-17.38109887,-11.6317639,-11.89143572,-0.592702353,-0.210691677,-0.009195265
0.041417481,-0.910417598,0.115432054,2.563665392,-0.01917476,-1.199956471,-2.144505141,0.003834952,-8.076568848,1.574869736,-0.099884913,-0.147494172,-2.145413384,-0.050874666
0.012271846,0.375441798,-1.769063344,0.228946633,-0.92383993,0.177558276,-0.042184472,0.13652429,-11.00778957,-8.102174175,4.896833858,-0.433122746,3.078473449,-0.041755232
0.006519418,-0.00076699,-0.028378645,0.02876214,-0.013038837,0.013805827,0.03834952,0.012655342,-15.02077838,0.710828113,-15.46211025,0.18466554,-2.397104438,0.030196966
0.031830101,0.031063111,0.599402993,1.823136166,1.392087565,-0.858645746,-2.274510013,-0.003834952,5.292709851,10.19904594,3.417756484,0.149494464,-0.412985953,-0.013939756
0.037582529,0.151480603,1.180014721,0.312548586,0.266912657,-1.224500164,-1.975000264,0.004985438,-11.0830149,6.935859106,-5.07729463,-1.948344171,-0.637339495,-0.007559125
-0.013038837,0.095490304,0.358951504,1.673956535,-0.861713708,0.313699071,0.51656803,0.011504856,6.387298172,7.296468844,3.620649776,0.928615828,0.750967973,0.012155906
0.035281558,-1.1098351,1.586903125,1.088742864,1.561592442,-0.864781669,0.315616547,0.00882039,-5.22614896,8.30647017,-11.78353958,-1.315554415,1.909888992,-0.000227556
0.061359232,-0.254257316,-0.710233105,1.685844886,0.347830144,-1.093728302,2.461655669,0.006135923,-4.928725886,-11.89649357,-3.023172963,1.378502635,-2.021282364,0.033575031
-0.004985438,-0.562970949,-2.491568295,1.754490526,0.668432128,0.446388409,2.584757628,0.004218447,5.7159652,-11.1676438,-10.4311721,0.144951083,-2.384107321,0.001095486
-0.026844664,-1.406660382,-0.812626322,1.733014795,0.611291344,1.072636066,2.554078012,0.011504856,-10.80856956,-1.822309358,-13.04149955,1.547072851,-0.376229178,-0.025015947
0.095106809,-1.270903083,-2.509976064,1.650946823,2.277577975,1.101398206,2.653403268,0.004218447,13.09570218,-3.996273551,-13.56838889,2.092381444,0.17880389,-0.044790717
-0.176024295,-1.423150676,-0.614742801,1.572330308,2.582840152,0.335941793,2.528000338,0.001150486,-14.46226801,-1.033807761,-15.36578309,0.488326145,2.564263068,-0.033019373
-0.075932049,-0.47745152,0.824514673,1.79092257,0.046786414,-0.156849536,2.055150761,0.003834952,-5.540001358,13.5588724,-4.897778744,-0.032270891,-0.904387153,-0.024504025
0,-1.396689507,-0.765456413,1.13859724,-1.092961311,-0.482436958,-1.468786604,0.01035437,-12.95014901,-2.012391863,-13.84720976,0.77204126,-0.413877429,-0.064861285
-0.05905826,-1.405893392,-0.581762214,1.196121519,1.425068152,0.371223351,-2.240762436,-0.006902914,-15.15610375,-0.579728208,-14.93579377,1.229647642,-0.721256914,-0.123477418
0.090504866,0.026461169,0.632767075,1.961194437,0.212456339,1.1976555,2.226573114,0.002684466,9.388172302,11.06989317,5.711523094,1.565132768,2.838274276,-0.040601246
-0.01994175,-0.004985438,0.005368933,0.041800976,-0.003451457,-0.013038837,0.005368933,0.036432044,-14.53192677,1.010045639,-15.63781304,0.196549691,-2.316650868,0.031061029
0.034898063,-1.395922517,-1.128626365,0.531524343,0.683388441,0.347446648,0.202101969,0.024160197,-6.839385619,-1.955254979,-8.83690489,0.380584182,-1.944587581,0.03715319
0.021092236,-0.648873873,-1.887179864,0.381961216,-1.642509929,-1.581917688,1.076854513,0.015339808,-13.3103811,-8.464041892,0.791933129,-0.324517108,1.872887756,-0.030599849
0.063660203,-0.60438843,-0.469781616,1.934349774,-1.145883649,0.850592347,-1.338398237,-0.000383495,-7.300697807,-7.459419182,-2.822375086,-0.863644016,2.589572408,0.018649906
0.025694178,-0.376592283,1.114437042,1.71422353,1.394388536,-0.794985543,0.092805838,-0.001533981,-3.536513524,16.29102003,-4.786224554,-0.790333107,1.256192896,0.011015038
0.031830101,-0.839087491,2.193976022,1.55775749,-0.782713697,0.12616992,1.082606941,-0.007286409,5.318959414,11.07501299,-11.80920436,0.116546469,-2.299999566,0.05094237
0.054839813,-1.401674945,0.189063132,0.091655352,0.258092268,0.70984961,0.738611749,0.007286409,-7.108962214,0.50900524,-4.868472115,0.231857855,-2.005024618,0.04566612
0.068262145,-0.210922358,-0.980597219,0.537276771,1.62640313,1.483359422,-2.83211203,0.001150486,-14.39888743,-7.532677931,-7.115238319,1.805385367,0.119329776,-0.018912315
-0.014189322,0.67150009,1.143199182,1.715374016,-0.425679669,1.504068163,-2.59894695,0.004218447,11.39579889,12.49925356,9.596612248,2.49991288,0.597263202,-0.008021229
0.085902924,-0.636218532,1.143582677,1.43005359,-1.536281759,-0.574475805,1.938568221,0.002300971,-9.111981504,15.17240424,-9.576746727,0.802197607,-1.855481529,0.046002163
0.02952913,-1.387102127,-0.085135934,1.87874297,-2.624257633,-0.473616568,2.958665445,0.001150486,-15.59334732,-0.095870484,-12.86412613,0.273885925,1.751341163,0.03267115
-0.025694178,-1.394005041,1.221048707,1.683543915,-1.519791466,0.006902914,-0.902364198,-0.002300971,-3.847194963,3.744867133,-15.09239063,-0.307074885,-0.468561864,-0.053608967
0.081300982,-1.238689486,0.145728175,1.468786604,0.928441872,1.429670094,1.800126455,-0.00076699,-17.19812145,1.836656846,-12.74564913,2.347944095,0.412511214,-0.034735632
0.072480592,-0.97331081,-1.899068215,1.415864267,-1.608762351,-0.383495197,2.698655701,0.012271846,-0.639715912,-10.95824288,-10.91462861,0.436584568,2.246108912,0.041823837
0.063660203,-0.869767107,0.393082577,1.896000254,-1.925529384,-0.019558255,0.732859321,0.000383495,-13.66025914,5.134688077,-8.059420967,-0.141853909,0.147336375,-0.003021041
0.060208746,0.632000085,2.662990648,1.215679774,0.280334989,-0.359718495,1.003223435,-0.00882039,-11.31089729,7.302631776,12.44607655,-0.266209393,2.835808062,-0.049230134
0.004601942,-1.405893392,1.331495324,1.018563243,1.306568136,0.024927188,0.470165111,-0.037199034,-1.940838178,3.243517865,-13.46857229,0.350781442,-0.256434709,0.024484033
0.045252433,-0.865932155,-0.73055835,0.911951578,1.989573082,0.053305832,-0.279567999,-0.001917476,-20.31026141,-6.819910561,-13.24805414,0.458218189,-0.093076422,-0.004360117
0.035665053,-0.41762627,-0.837937005,1.85956821,-0.546864151,-0.180242743,2.126480867,0.001150486,-4.006818602,-12.70042572,-2.499689418,0.109621576,0.143038139,0.031936505
-0.185995171,-1.411262325,1.01319431,1.578082736,1.410495334,0.852509823,-1.021631205,0.008053399,-5.503874078,3.692699609,-14.41345503,2.170586346,0.138998832,0.045472268
0.105461179,-1.375597272,-0.075932049,0.286087417,0.857111765,-0.885106915,0.872451573,-0.001150486,-8.626935448,-0.113342844,-6.093434166,-0.475396973,1.602035849,-0.023844107
0.018791265,-0.545713665,-1.520174961,1.409344849,1.709621588,-1.475689518,0.040266996,0.006519418,-5.497915565,-15.55687756,-6.498200855,-1.224433804,-0.184209328,0.029286979
0.045635928,0.270364114,0.775427288,0.792684572,0.842538948,0.111597102,0.717903009,0.00958738,-4.355896568,11.79229347,-4.422778607,0.322652835,1.534921093,-0.008180782
0.092422342,-0.217441777,2.774971245,1.346068141,2.396844981,1.193820548,1.524776903,0.003451457,-2.215521148,6.552973248,1.480568881,-0.665159544,-1.910569803,0.045380069
0.038733015,-0.901980703,1.851898306,0.531140848,-0.188296142,1.392087565,-0.812242827,0.00076699,-7.5784853,8.228511212,-4.532508271,1.648330685,-1.938066816,-0.024252207
0.074781563,-0.952602069,0.791150591,2.320912932,1.184233168,-0.800737971,1.099097235,0.00076699,-7.407999223,6.344715717,-5.115784005,-0.719416646,-0.963214498,0.034946204
-0.009970875,-1.383267175,1.285859395,0.959504983,-1.219898222,0.658077758,-1.553155548,0.001917476,-5.126041325,4.029762069,-13.0505425,-1.223653812,-1.639918483,-0.062875256
0.07746603,-0.070563116,-0.584063185,0.819145741,1.167742875,0.773509812,0.609373868,0,-10.23979295,-6.670985232,-8.667941382,0.85526514,-0.214926799,0.015805656
0.083218458,-0.00958738,-2.779573188,0.967941877,-1.24635939,0.288004893,-1.480674956,0.005752428,-7.110436726,-6.238581292,8.960235531,0.305181478,0.531212284,0.019241485
0.064043698,-0.648873873,-0.489723367,0.577927262,-0.361635971,1.264383664,-2.389175077,0.005368933,-20.52852245,-5.368651533,-13.03968728,-1.621668976,-0.72813314,-0.008577564
-0.00882039,0.005752428,-0.013422332,0.014572817,0.006519418,0.004985438,0.006902914,0.014189322,-15.02130568,1.080789896,-15.09736,0.183808299,-2.396071217,0.031501782
0.003834952,-0.006902914,-0.006519418,0.014572817,-0.028378645,-0.014956313,-0.022242721,-0.003451457,-14.9867462,0.915541723,-15.09579034,0.159946391,-2.394742685,0.018555967
0.032213597,0.145728175,2.295602249,0.158383516,-0.460961227,0.663063196,-0.168354391,0.003451457,-12.92996064,6.545866973,10.10076158,1.848675386,1.198367052,0.017115394
0.064427193,0.281485475,-0.009203885,0.261543724,1.511354571,1.150102096,-1.07148558,0.005752428,-7.482373699,2.947569705,-11.97456335,2.192075174,1.60627943,-0.026955846
-0.00076699,-1.092577816,2.142587665,1.285859395,0.826432149,0.898145751,-2.269908071,-0.007669904,7.062462504,7.251405179,-12.0891617,2.130677751,-1.292008079,-0.077558772
0.036048549,-0.750116605,-0.084368943,1.78133519,0.98289819,0.240067993,-1.056145772,0.004218447,-14.67692087,-0.044904991,-7.417832644,0.400901241,-0.165987173,0.015492076
0.075932049,-0.472466083,-2.396461486,0.436417534,1.924378898,0.402669957,-2.638446955,0.037966025,-12.41800283,-7.786345282,7.399023653,-0.082510201,-2.22441017,-0.043012202
0.086669915,-0.931893329,-0.102776713,0.638902998,2.202412916,-0.111597102,-0.118883511,0.013805827,-22.48647274,-0.415044836,-14.85480704,-0.015826241,1.82992606,0.012470612
0.032597092,-1.383650671,-1.456898253,0.187529151,1.691980809,-0.952218574,2.116509992,0.008436894,-0.571313452,-1.336447276,-2.4398929,-0.364258049,2.067428498,-0.026823872
0.026077673,-1.385951642,-1.987655606,1.395155527,2.96940331,1.07148558,-0.622412705,-0.002300971,7.653457503,-3.146672705,-13.04755987,0.755298415,0.436558187,0.018840297
0.046402919,-0.363936942,-2.827510087,2.182087671,0.462878703,1.221815698,-0.988650618,0.005368933,11.82419259,-6.039812447,-11.96204175,0.374642359,-1.78865244,-0.017697996
0.042184472,0.70179621,-1.949689581,0.559519492,-2.019869202,0.76890787,-1.08989335,0.014572817,-10.30491627,-7.412811708,9.209160393,1.644615622,1.918638697,-0.058158241
0.041033986,0.061359232,-0.832951568,0.404970928,0.518485506,0.221276729,0.920388473,0.003834952,-12.62730524,-7.651969818,-8.554260486,-0.103848167,-1.841926167,0.043097963
-0.002300971,-0.780029231,-0.920004978,0.050237871,0.119267006,0.709466114,-1.056912763,0.003451457,-18.24513871,-3.172017272,-7.965109666,-0.873976877,-2.04317628,-0.050893918
-0.002684466,-1.385951642,-1.465335148,1.098330244,-2.347757596,-0.283019455,-0.002300971,0.075932049,-2.226537105,-3.293057791,-13.50743403,0.025737935,2.488983697,-0.047777241
0.00958738,-1.297747747,0.601703964,1.079922475,-1.396689507,0.304495186,-1.38211669,0.004218447,-16.32779335,2.821522829,-14.81571992,-0.913032706,-0.927295152,-0.048850905
0.055223308,-0.027228159,2.498854703,0.984815666,-2.290233316,0.805723409,-1.581150697,0.004601942,-7.70476078,10.57317446,6.864791445,-0.070889546,-2.383286045,-0.050491471
0.047553404,0.653859311,1.669354592,0.066344669,2.173650776,0.888941867,2.179403204,-0.003834952,-9.987389148,3.623042811,1.034125271,-1.250522109,2.988014537,0.011118843
-0.00958738,-0.021859226,-0.011888351,-0.008053399,0.034514568,-0.004985438,-0.018791265,0.017640779,-15.07764121,0.973769417,-14.96186159,0.233521979,-2.376805706,0.026295858
0.055606804,-1.27588852,-0.593650565,0.092422342,-2.506141112,1.317306002,1.233320553,0.004218447,-7.106124216,-0.966921445,-2.92318881,-0.228118851,-1.993467503,0.046544654
0.068262145,-1.198038995,1.247126381,0.737461264,-0.182160219,1.193820548,1.196121519,0.003834952,-8.606117988,5.653136429,-11.37610442,0.685735918,-1.998619145,0.04439069
0.051771852,0.377742769,-1.057679753,1.608378856,0.937262261,1.30541765,-0.622412705,-0.002684466,9.690731891,-13.51767857,6.607730745,-1.927979544,0.837335393,-0.049204538
0.041417481,-0.899679732,0.055606804,0.757403014,3.012738267,0.299893244,-0.317150528,-0.00076699,-22.68794147,0.96067599,-15.35479346,-0.045410364,2.622587012,-0.005398909
0.055606804,-0.166436915,-1.134762288,0.755869033,0.478602006,0.844072929,-0.674568051,0.000383495,-11.05829142,-13.7411219,-5.638662557,-1.122004709,-0.831818078,-0.035891016
0.09817477,1.053844801,-1.858034229,0.020708741,-0.150330117,1.393621546,2.402597409,0.009203885,-9.619708457,-3.648636299,3.997068953,-1.159937838,2.853497515,0.014717002
0.030679616,-1.044640917,0.454058313,0.305262177,0.911184588,0.669582614,1.773665286,0.008436894,-17.47500602,3.312589569,-11.34653647,1.735783036,-1.52054721,-0.003602994
0.054456318,-1.044640917,-0.929208862,0.948767117,-1.624102159,0.883956429,2.188990584,-0.003067962,-15.03102797,-7.137987871,-12.9135657,-1.858745789,0.179835278,0.040981863
-0.119650501,-1.407427373,1.045024412,0.723655437,0.411106851,-0.886640895,2.51112655,0,-6.039782541,1.929720474,-9.593663072,-0.570083687,0.336659183,-0.02286301
0.079000011,0.833335063,1.546252634,1.22641764,0.089737876,-0.657310768,-0.614359306,0.013805827,-2.298077762,12.61905042,10.22688154,-0.830130666,1.680322398,0.031325818
0.084752439,-0.824514673,-0.763538937,1.345301151,-1.795524512,-1.023932176,0.799587486,-0.011888351,-17.35761682,-7.772265439,-11.73855413,1.147323162,0.233793407,-0.014593538
0.088203895,-0.329038879,0.040650491,1.242524438,0.745514663,-0.924990415,1.673956535,-0.004985438,-13.22462894,0.529144503,-9.769242972,-0.650583148,-2.123503186,0.022040636
0.093572828,-1.326126391,-2.212383791,2.233476027,0.424145688,1.106767138,-1.094111797,0.004218447,10.01942796,-3.087432512,-10.8599416,0.526641288,0.258345094,-0.009479476
-0.171805848,-1.419699219,-0.212072844,2.165213882,1.252878809,0.271131104,0.396150538,-0.002684466,-13.32485677,0.069766829,-11.11949121,0.902003483,-0.007973383,0.021924646
0.08705341,-0.967174887,1.29506328,1.199189481,0.243135955,0.696043783,-2.366932356,0.004985438,-8.731304585,10.90798832,-12.6823077,1.510634367,-1.442577703,-0.038389511
0.078616515,0.457126275,1.394005041,2.199344955,-2.289082831,0.043334957,-1.036971013,-0.001917476,13.14060107,15.38351657,7.066991929,-0.033227276,-2.332316511,-0.033395983
0.065961174,0.455208799,1.315388526,1.919009966,-1.934349774,-0.211689349,-0.189446627,-0.001917476,10.84689558,16.96158931,7.446150299,0.149317067,-2.374085385,0.022615997
0.068262145,0.416092289,1.133228307,1.991107063,-1.491029326,-0.359718495,0.138825261,0.001533981,12.28614388,15.98788769,8.192603636,-0.155412568,-1.932724136,0.05354173
0.062509717,0.032980587,2.191675051,0.243135955,-1.639825462,1.620267207,1.354121541,-0.008436894,-11.51866922,7.708635818,7.407964396,1.518687965,-0.064321466,-0.00013022
0.008436894,0.551849588,0.154548564,0.917320511,0.952218574,1.504835153,-0.138441766,0.012655342,5.923717915,4.45942033,0.2812229,0.425039107,2.41368759,-0.021219341
0.05905826,-0.234699061,0.829500111,1.524393408,-0.586747651,1.285092405,0.059825251,0.010737866,-2.571353869,13.07661736,-2.521765777,1.340377308,1.746444641,0.004611205
0.085902924,0.787699135,2.084679891,0.824898169,-0.35051461,1.300815708,-2.243063407,0.005752428,-8.570311482,10.25346296,11.1696974,2.418352567,1.534367168,0.016848341
0.038733015,-1.291611823,0.602087459,0.465563169,-1.094495292,0.419543745,-1.424301162,-0.001917476,-13.2815492,1.932575454,-10.42583053,-0.581326349,-1.737526122,-0.043376185
0.054839813,-0.89507779,-1.706170131,1.209543851,-0.30257771,0.939563233,-0.3992185,0.002300971,-4.580217393,-11.89460377,-10.1555847,-1.680472764,-1.346804858,-0.038592229
0.004218447,0.359335,-1.346451637,-0.013422332,-0.834102053,-0.493558319,2.129548829,0.011504856,-10.26233072,-2.528463194,-2.433833993,0.594489588,0.757700361,0.031384313
0.04947088,-1.259398227,-2.865859607,0.230864109,-2.293684773,1.392854555,1.609529342,-0.004601942,1.869272783,-0.224823926,2.765712613,0.249989838,-2.351432114,0.040750267
0.079383506,-0.776194279,-1.185767149,1.099864225,-1.658233232,1.512505057,1.094878787,0.000383495,-12.17645461,-11.11128692,-9.726301438,-1.937078101,-0.148337806,0.003549691
0.095873799,0.28186897,-0.703330191,0.587131147,-0.412640832,0.247737897,0.247354402,0.004218447,-5.759144352,-8.355551432,-6.220361895,-0.652721348,0.078482268,-0.027011804
0.084752439,-1.264000169,1.436189513,0.977145762,0.424529183,0.850975842,0.686839898,0.003834952,-3.407854611,6.053172021,-12.91626176,1.689540508,-1.84548871,0.051451213
0.072864087,-0.620495229,-0.7106166,0.964106925,0.055990299,-0.490490357,0.790767096,-0.006135923,-19.07989649,-8.449121907,-12.78335254,0.590059238,-2.044615919,0.036848392
0.037199034,-1.381349699,-1.028534118,1.463034176,-0.464029188,-0.587514642,2.047864352,0.005752428,-9.623445309,-3.058170417,-14.89480164,0.807462357,-1.625673721,0.043606235
0.040650491,-1.251344828,0.423378697,1.665136145,0.049087385,1.69428178,-1.007058387,-0.000383495,-13.68932238,3.380276915,-11.16353289,0.574953814,2.140436178,0.017385903
0.036815539,-0.666514652,-0.173723324,2.487733343,-2.493485771,1.006291397,1.351820569,0,-4.298369803,-2.577226034,2.476362815,0.594317874,2.700386204,-0.032331675
0.006135923,0.16528643,1.8204517,1.204558414,-0.008436894,1.418165238,1.552772053,-0.003451457,-0.607204347,18.16291291,2.962148432,2.745476333,-0.308799545,-0.01974794
-0.005752428,0.002300971,0.026077673,-0.003834952,-0.002300971,-0.004218447,0.003451457,0,-14.62097629,1.31673203,-14.99831153,0.198184412,-2.384985771,0.026581156
0.077082535,-1.269369102,1.156238019,2.357344976,-0.998621493,1.196505015,1.280106967,-0.002300971,-3.220116886,4.766635736,-7.917082018,-0.749991434,2.052852987,-0.020767741
0.060592241,-0.581762214,1.320373963,0.264611686,-2.140286694,1.194587539,2.679864436,0.00076699,-16.74680351,5.754770097,-4.852101972,-1.692160315,-1.48364819,0.032767108
0.024543693,-1.106767138,-0.713301066,0.172956334,0.393849567,1.421616695,2.57977219,-0.000383495,-14.98596204,-2.120282354,-7.643393827,-0.121709436,-2.147761418,0.000465942
0.016106798,-1.387485623,-1.103315682,1.656315756,-2.021019688,-0.674951547,-1.01319431,0,-7.792920402,-3.044582058,-14.30538319,0.891933171,0.888658862,-0.029455752
0.033747577,-1.342233189,-0.77849525,1.989956577,0.517335021,0.137291281,-1.505602143,0.011888351,-10.77822709,-1.687404391,-11.62896224,0.290204078,-1.641271864,-0.05875333
0.052922337,-0.100475742,1.49946622,1.621417693,1.585369144,0.358184514,-2.692903273,-0.00076699,1.355333864,20.36425512,-1.731695183,-0.027229281,2.856358364,-0.061246958
0.034514568,0.139975747,2.539505194,2.026388621,-0.951068088,0.686456403,0.503912689,0.003834952,8.064479518,10.79756894,-3.908599297,0.362876438,-2.328749861,0.076824061
0.032213597,-0.105077684,0.229330128,1.668587602,-1.709621588,0.759703985,1.332645809,0.004218447,-1.050596089,3.315672159,-0.107324148,-0.023207811,1.912186045,-0.021047443
0.056757289,0.542645704,2.513811016,1.016262272,0.471315597,0.758936995,2.317461475,0.002300971,-9.828517893,8.439712981,12.28893792,-0.003165472,1.632695352,-0.014296788
0.075932049,0.358951504,0.211689349,0.999004988,0.564121435,0.804572923,2.032908039,0.001917476,2.771398262,5.336741837,-1.578274602,0.554657268,2.325615825,-0.031994921
-0.00076699,-0.003067962,0.002684466,-0.001917476,0.012655342,0.016490293,0.038733015,0.007669904,-14.9476289,0.95828,-15.49945527,0.203960464,-2.392557236,0.034650139
0.042184472,0.424529183,1.710772074,-0.009203885,-1.708471103,0.138058271,-0.021092236,-0.001150486,-10.8060786,4.429637894,1.477968983,0.165120687,-1.950421295,0.023486653
0.062126222,-0.414558308,0.186762161,2.137218733,-0.640053484,0.782330202,0.811859332,-0.001533981,-1.374623848,2.530594838,3.322156709,0.430925086,2.428920841,-0.032312466
-0.119650501,-1.379432224,1.689679838,0.852509823,-1.915175014,0.702946696,2.163679901,0.002684466,0.877707747,3.540422619,-10.81306377,-1.361685657,-0.930529311,0.045134964
-0.021475731,0.077849525,1.650946823,0.988650618,0.441402972,1.261315703,-0.453291323,-0.006135923,-4.067612484,17.31724651,1.458751602,2.484460922,0.260563488,0.041449174
0.045252433,-0.103160208,-0.533058324,2.098869213,-0.550315608,-0.495475794,-1.835791508,0.006519418,4.322766743,-8.146280832,5.525782562,0.150458766,0.388447859,-0.076556945
0.048320395,-0.766223404,0.756252528,0.848674871,0.751267091,1.26553415,-1.968097351,-0.001533981,-16.57141839,9.457737874,-12.14609689,2.597368562,-0.335797624,0.000555866
-0.022626217,-1.236388515,2.053233285,0.147262156,2.292917783,0.745514663,2.449383823,-0.004601942,-1.781538217,1.886170349,1.14010989,-0.402884748,-1.216820162,0.013761656
0.060208746,0.188679637,2.759631437,0.170271867,0.679553489,-0.128470891,-0.36010199,0.006902914,-13.95355172,2.288934047,14.08209977,-0.173068709,2.879142364,-0.028072478
0.029912625,-0.8463739,0.453291323,0.849441861,1.830422575,0.385412673,0.431432097,-0.008436894,-21.13185038,5.76817311,-14.67839745,1.184651141,1.590301681,0.00509426
0.04947088,-0.501228222,-0.894310799,1.053844801,-0.703330191,1.293912795,-1.164291418,0.006135923,-13.61690338,-12.56621096,-8.900557064,-2.454735455,0.516946346,-0.054563787
0.005368933,-0.400368986,-2.534903252,0.141126232,1.835024518,0.448305885,2.193592527,0.006135923,-14.72284515,-4.866653963,10.83325915,-0.544797693,-2.001838208,0.031125356
0.054839813,-0.19404857,-0.238917508,1.537048749,1.715757511,0.454441808,-1.920160451,0.008053399,-5.138642739,-2.668182669,-2.917893458,0.371469452,1.314862707,-0.046756776
0.001533981,-0.005752428,-0.00076699,-0.003834952,0.033747577,0.002300971,-0.035665053,0.001533981,-14.98299408,0.995474984,-15.0679159,0.205982227,-2.392218302,0.01528346
0.003834952,0.006902914,0.003451457,-0.001150486,-0.016873789,-0.005368933,0.035665053,-0.004985438,-14.73044336,0.945943904,-15.45655319,0.184756531,-2.39885773,0.042085697
0.001150486,-1.404742907,-0.699878734,0.135373805,0.882422448,-0.514650554,-0.571407843,0.006135923,-4.786076107,-0.650314772,-2.994936204,-0.04474493,0.497389868,-0.031734622
0.016106798,-0.528839877,1.599174971,0.745131168,2.23884496,-0.392699082,-1.803961407,0.011121361,-12.3416128,13.48966518,-5.19851645,0.068182255,3.089287242,-0.096805489
0.027228159,-0.382344711,1.855733258,0.269213628,-0.301427225,-0.198650512,-1.787854608,0.001533981,-14.88088761,7.747756809,2.289157669,-0.137945846,-0.12307244,0.015372307
-0.00076699,-0.020708741,-0.004601942,-0.017257284,0.016873789,-0.024160197,0.03834952,-0.001150486,-15.27088224,0.930151978,-15.61193752,0.202252622,-2.40676228,0.035210915
0.002684466,0.805339914,1.6448109,0.550699103,2.515344997,1.618733226,2.257252729,-0.008053399,-8.14333244,7.464522109,4.324905041,-2.110807594,2.021210206,0.03054867
0.049087385,0.064427193,2.302121667,1.243291429,-0.057140784,1.649796337,1.531296322,-0.000383495,-1.08244163,13.4310761,2.273283093,2.271695455,-1.506997834,0.008619908
0.066728164,0.725572913,1.823519662,0.234699061,0.80725739,-0.8862574,-0.951451584,-0.001917476,-9.007150106,5.295008276,4.326557651,-0.515570888,0.164282613,-0.062186418
0.054072823,-1.408577858,-0.037199034,1.303500175,-1.46034971,-1.443475921,-1.236388515,-0.021092236,-15.94477419,0.581614581,-13.38742239,2.173429684,0.199904854,-0.038091783
0.014189322,-0.344762182,1.497548744,1.073019561,-1.173878798,0.812626322,1.504835153,0.003451457,-8.344280885,17.10190388,-5.015568641,0.327578337,-1.771822857,0.035569123
0.052155347,-0.688757374,-0.809174866,2.017951726,-1.711155569,1.632155558,1.181548702,0.003451457,-7.585317868,-10.11367591,-4.225,-0.816735931,2.150880711,-0.035728198
0.039500005,-1.269752597,-0.714068057,1.215296279,0.798820495,0.565655416,-0.81761176,0.001917476,-16.65854163,-2.641406628,-14.88308821,1.296778936,-1.776065211,-0.06665562
0.060208746,-0.098558266,1.563126423,1.748738098,2.195126507,-0.077082535,-0.814543798,0.002300971,3.262146919,20.34208856,-1.652501556,-0.197335808,2.76241192,-0.013951628
0.064427193,0.022242721,1.098330244,1.590738077,1.945087639,-0.236616537,-0.716369028,0.000383495,2.241339195,18.26358057,0.103824509,-0.043198312,2.318667611,-0.015348859
0.05829127,-0.225111681,0.61244183,1.446160388,1.463417672,-0.492407833,-0.709082619,-0.016873789,-6.543915693,11.16303474,-4.956257458,-0.390851128,0.86309698,0.017617447
0.098941761,0.142660213,-1.091810826,1.095262283,0.156849536,1.474539032,1.192286567,0.006902914,-0.128555597,-15.05673292,0.216914854,-2.169155981,1.619004163,0.007662808
0.011504856,0.786932144,-1.496014763,1.094111797,0.416092289,-1.068801114,-0.975611781,0.005752428,-2.196224867,-11.85800742,9.291565452,2.098274785,-0.412737851,-0.047962498
0.003834952,-0.007669904,-0.032980587,-0.000383495,0.009203885,-0.02876214,-0.016490293,0.011888351,-15.27776214,0.648954288,-15.35440472,0.187338535,-2.394471253,0.020465266
0.096257294,0.635451541,1.468403109,2.111141059,-1.029684604,0.596718526,1.183466178,-0.001917476,11.92082739,13.94075409,8.121299449,1.55863524,-1.107061983,0.016000232
-0.141893223,-1.075320532,2.379971192,1.172344817,-2.187073108,-0.301427225,1.592655553,-0.002684466,7.498018761,6.722264123,-10.91846394,0.319888203,0.724331611,0.009449714
0.073631078,0.821063217,2.810636299,1.228718611,-2.536437233,-0.102776713,0.488956376,0.009970875,-14.87088701,4.439119535,13.97585213,0.193576812,-2.048558717,0.051747068
-0.011504856,-0.023776702,0.006902914,-0.003834952,-0.038733015,0.003834952,0.021092236,-0.007286409,-15.1900755,1.018083351,-15.51592491,0.17668357,-2.404997405,0.027186682
-0.115432054,-1.400140964,0.974844791,0.877437011,0.385029178,1.479907965,-1.412029315,0.006902914,-6.878629168,3.45500365,-12.23855461,1.493142616,-1.399407367,-0.010070356
0.077082535,-0.127703901,-0.738995245,1.092961311,-0.626631152,0.3113981,-0.008053399,0.00076699,-8.184072188,-12.44843754,-5.995775508,-0.863574274,0.568146032,-0.040163502
0.070563116,-0.348213639,-0.800737971,2.418320712,-1.649029347,-1.204941909,1.471854566,-0.002684466,2.995400095,-7.397340672,4.666222215,-0.777262089,-0.930774348,0.011723717
0.080917487,-0.329805869,1.031985575,1.229869097,0.855577784,-0.385796168,-1.568495356,-0.001917476,-10.10115553,15.78143791,-7.440325487,-0.562885391,0.420529328,0.019386598
0.021475731,-0.020325245,1.081839951,1.390553584,-1.685077895,-0.888174876,-1.313854545,0.004601942,-1.338408082,18.17959782,-1.346163132,0.450562863,-2.217004233,-0.040762565
0.090888362,0.626247657,1.171577827,0.587898137,-0.753568062,1.538199235,-0.341694221,0.003451457,-0.73440471,10.07302778,1.691116141,1.721233648,2.16069077,0.024459613
-0.003834952,-0.018791265,-0.01035437,-0.005368933,-0.018024274,0.03834952,-0.013422332,-0.00958738,-15.12745268,0.900521461,-15.56718482,0.171670551,-2.388731024,0.033450256
0.014572817,-0.166820411,-1.151636077,0.791917582,0.419543745,1.963878904,-1.144349668,0.000383495,-11.18882659,-12.78010706,-4.050857965,-1.446698502,1.12826416,-0.016178971
0.011888351,0.444470933,-1.642893424,2.050165323,-1.135145783,0.976762267,-2.018335222,0.012271846,9.57889019,-15.22568753,5.511145049,-0.256000694,1.397686691,0.017660129
0.064427193,-1.314621535,0.542645704,1.055762277,-0.611674839,-0.139208757,1.351437074,0.006902914,-15.98106974,3.551297988,-14.92643886,0.200948731,-1.952985378,0.068876262
0.021859226,0.92383993,-1.039271984,1.647111871,0.197116531,0.860563222,-0.413791318,0.008436894,11.04924989,-9.528274558,12.28404923,-1.488164951,2.073241876,-0.040974606
0.008436894,-0.678786499,1.038504993,0.502762203,-1.239072981,0.85672827,0.031830101,0.001533981,-18.38656817,8.111436604,-10.01737704,-0.658398557,-1.921481344,0.004610086
0.026461169,-1.082223446,1.653247794,0.236233041,1.284325415,0.975995276,-0.78884962,-0.001150486,-7.05614801,4.509765441,-2.878455339,0.592269166,-1.295012327,-0.028305779
0.074014573,-1.379048728,0.085902924,1.677024496,1.114437042,-0.269980619,-0.775810783,-0.009203885,-17.55765624,0.543899561,-14.65860656,-0.200658242,-1.095947991,-0.028601994
0.017257284,-0.062893212,0.30181072,2.03444202,-1.389403099,-1.045791402,1.387869118,0.001533981,6.118016374,7.708978386,5.484409488,-0.728132863,-2.088960691,0.031146964
0.023776702,0.55415056,-1.398606983,2.257252729,-0.808407875,-0.844456424,2.233092532,-0.00076699,13.69441489,-13.6666393,8.181696229,0.171890209,2.553095721,0.000795887
0.049087385,-1.400140964,0.702946696,0.958354497,-1.230636087,-0.171422353,1.074553542,-0.000383495,-12.51814132,3.119474417,-13.956999,0.196051062,-0.793670901,0.020594074
0.024543693,0.580995223,-1.477990489,1.547019625,0.557985512,-0.036432044,0.836403025,0.00958738,5.128695065,-16.82009638,9.55101542,-0.14914525,0.065507022,-0.010720326
0.03834952,0.569106872,-0.986733142,1.568878851,0.813393313,0.018407769,0.197116531,-0.002300971,8.862616357,-13.5901329,8.809467826,-0.292864236,-0.050834229,-0.030002214
0.05752428,-1.390170089,-2.139903199,0.519252497,-0.741679711,-0.064427193,1.235238029,0.002300971,5.47999051,-2.028863414,-5.768421999,-0.00122096,-0.39581729,0.016888152
0.036048549,-0.469398121,-0.001533981,0.45750977,1.029301109,0.85672827,0.742063206,0.003067962,-19.83983679,2.361206573,-14.71002132,1.983121833,-0.794372593,0.034005177
0.001150486,-0.005368933,-0.004601942,0.002300971,0.034898063,-0.011121361,0.015723303,-0.003067962,-14.92581443,0.95671573,-15.2565218,0.241677969,-2.399671854,0.033917734
0.038733015,-1.095645778,0.703330191,1.723427415,-1.01166033,-1.237922496,1.92744686,-0.001150486,-13.1055162,6.577251371,-11.85896021,1.268418002,-1.652226763,0.042451895
0.074014573,-1.20647589,-1.611446818,0.541878713,1.406660382,0.210922358,-0.082451467,-0.002684466,-6.982533247,-4.603007878,-6.580425577,0.418533129,-1.500686527,0.002660934
0.028378645,-1.068801114,0.686839898,1.076854513,0.02876214,-0.688373879,1.649412842,0.002684466,-17.95561089,5.725527256,-14.22994061,-0.234217182,-1.648856555,0.019133303
0.00882039,0.21399032,2.660306181,1.902136177,2.052849789,-0.196349541,2.337403226,0.001150486,4.14895997,8.910756767,-0.906040447,-0.006619783,1.863837271,0.000549913
0.064427193,0.305645672,0.356267038,0.276883532,1.571179822,-0.70026223,2.26914108,-0.001150486,-7.994297908,2.447506707,-11.68447062,-1.093905332,-0.188517736,-0.040019227
0.085902924,0.261160229,-0.989034113,0.242368964,-0.966791392,0.429514621,-0.544946675,0.004985438,-10.61081753,-7.741794614,-6.299131388,-1.165851847,1.967790235,-0.044996719
0.06864564,0.149946622,-0.470548607,1.968097351,1.532446807,-0.309864119,-0.539961237,0.001917476,9.82456955,-8.216656425,8.022029094,0.291729977,-1.452511942,-0.025234024
0.088970886,-0.245820421,-2.682548903,1.56811186,2.253417777,-0.384262187,-0.391165101,0.029912625,1.794534051,-8.922646279,-3.030925852,-0.198014552,0.257575929,0.025135229
0.054072823,-0.5349758,-0.385412673,1.757941983,1.55852448,-0.508131136,1.598024486,-0.00076699,-11.04007027,-6.504429357,-4.546228511,-0.258755007,-1.671522706,0.02085783
0.036815539,0.738611749,1.903286663,1.505985639,1.380966204,1.69428178,1.126708889,0.003834952,-3.338693685,11.83849418,8.711764955,-1.572149321,-0.768317761,0.017429511
0.055223308,0.041417481,2.062820665,1.338014742,-1.160456466,0.816077779,-1.108301119,0.002300971,-1.473216012,18.14978312,2.122303988,1.139794998,-1.98446146,-0.033841053
0.091655352,-0.567572892,0.523854439,0.830650597,1.359490473,0.082834963,-0.06864564,0.002300971,-19.60610192,7.841488532,-13.86805223,0.625836323,1.254018041,0.036545276
0.032213597,0.533058324,1.696582751,2.450150813,1.7326313,0.199034007,-1.087975874,-0.001533981,12.37706284,12.4815852,3.787967144,-0.403531946,2.348461449,-0.030535219
-0.260009744,0.26269421,0.453674818,1.752189555,-0.26192722,0.986733142,-1.144733163,0.002684466,11.65579033,8.214152709,7.401799049,1.14637545,2.233759735,-0.167739953
-0.015339808,-0.290305864,2.07355853,2.095801251,-0.535359295,0.390781606,-1.598407981,0.00958738,9.184547281,15.48473063,-7.640477115,0.684949538,-2.085616319,-0.030437126
0.012655342,-0.541111723,-0.232781585,1.721893434,1.898301225,-1.031218585,-1.293912795,0.002684466,-11.21649049,-4.584972526,-4.931841945,-0.749093663,-1.884289494,-0.013578795
0.012655342,-1.112136071,0.375825293,0.839087491,-0.642354455,-1.224116669,-1.369077853,0.004218447,-18.2501754,3.237856957,-13.02936124,0.991936546,-0.143873308,-0.018232845
0.092038847,0.453291323,0.768524375,1.020097224,0.54533017,-0.590199108,0.461344722,0.003451457,1.222585873,11.07608012,-0.12035676,-0.603989157,-0.229617588,0.034239808
-0.004218447,-0.011888351,0.01917476,0.024543693,0.032980587,-0.031063111,0.026461169,0.008436894,-15.0410074,1.156798136,-15.29727875,0.214596381,-2.398664752,0.033393837
0.033747577,-0.61397581,2.261854672,1.639441967,-0.676869023,-0.987500132,1.150485591,0.002300971,4.268984351,12.13536978,-8.356906445,-0.005394716,-0.269609455,0.003255372
-0.191364103,-1.111752576,2.503840141,0.937645757,-1.580383707,-1.582684678,1.961194437,0.00882039,6.618381125,4.021822095,-6.985020119,1.199022421,2.341115297,-0.001295461
0.024927188,0.598252507,1.905971129,1.96579638,-2.780723673,-1.501383696,0.450606856,0.011121361,5.942876532,13.1661064,4.747553523,1.417075507,1.587272527,-0.05212377
-0.009203885,0.011504856,0.01917476,0.059825251,0.009970875,-0.011504856,0.001150486,0.011121361,-15.0979435,1.327607997,-15.99113767,0.114389396,-2.32216132,0.036634225
0.093189333,-0.251572849,-2.292150792,1.980752692,-0.942247699,1.4212332,1.115971023,0.004218447,6.200997171,-11.14707296,-7.081847017,-2.180516637,-0.996492153,0.028953201
0.06787865,-0.072864087,-0.602087459,2.224272142,1.57616526,0.424912678,-0.136140795,-0.00076699,8.218445236,-7.825060237,7.383166977,-0.469497316,-0.414804996,-0.012925354
0.033364082,0.19481556,0.192898084,1.573097298,-0.363553447,0.878587496,-2.070490568,0.002300971,8.392335237,3.936978374,4.482120285,0.804465661,2.738685539,-0.158677643
-0.01035437,0.000383495,0.006135923,0.02876214,-0.001533981,-0.003834952,-0.00076699,0.004218447,-14.5432353,1.380357688,-15.38633785,0.201826567,-2.376922446,0.030139219
0.032597092,-0.201718474,-2.227723599,1.169276856,1.055378782,1.344150665,-2.353510024,0.088970886,-5.388153833,-15.57448252,0.503683293,-0.971566622,-1.708999422,-0.038229168
0.018024274,0.053305832,0.071713602,0.607072897,2.186689613,-0.701412715,-2.25801972,-0.001533981,-9.540472989,0.656314197,-11.27286518,-0.825847932,0.057132737,-0.004564237
0.001917476,0.020325245,0.007669904,0.029912625,-0.022242721,-0.0398835,0.003834952,0.004218447,-15.00814045,0.868467592,-15.67082871,0.644140151,-2.259683931,-0.045669928
0.089737876,0.589815613,1.729179843,2.101170184,0.482436958,0.174106819,-1.550471081,-0.004985438,8.528815842,14.95899307,6.224678734,0.317246175,2.163653737,0.011984562
0.052538842,-0.667665138,-0.138825261,2.210849811,-0.792301077,0.314082566,-1.815849758,0.000383495,-6.68046245,-1.717226016,0.533335331,-0.113047604,1.486531773,-0.080637569
0.037199034,-0.004985438,-1.631005073,1.40205844,1.745286641,-0.569106872,-2.680247932,0.007286409,-1.632408814,-19.76437087,0.690422678,-0.055710299,-1.949442206,-0.05938924
0.01035437,0.862097203,-2.779573188,1.767912858,-0.383111702,-0.888174876,-2.6188887,0.001533981,-10.64214598,-5.389530552,11.04548838,-0.140587639,2.871903797,-0.089775263
0.082067972,-1.417781743,-0.630466104,2.342005168,-1.23600502,-1.076854513,-0.85672827,0.007286409,-9.577019698,-1.02527657,-9.144410449,1.180213571,-1.740733219,-0.04297583
0.009203885,0.573325319,-0.247737897,0.038733015,-0.45674278,0.721737961,-0.819145741,0.003067962,-4.996041937,-1.432455206,-10.67336806,-0.905230521,-0.087958885,-0.025636303
0.005368933,0.012655342,-0.008053399,-0.003067962,-0.023393207,0.029145635,-0.03911651,-0.001533981,-14.65565848,0.894399661,-15.49468777,0.176044737,-2.369061772,0.023281877
0.090888362,0.832568073,-1.739917709,0.714068057,1.439640969,1.37176232,1.685844886,0.012655342,-4.192851572,-9.542677561,8.562275168,-1.523794588,1.627089693,0.006453102
0.085902924,-0.786932144,-0.006902914,0.572174834,-1.102932186,-0.90466517,-0.494708804,-0.001917476,-22.10548159,1.559841279,-14.39740203,1.484225039,-0.311937555,-0.046704831
-0.000383495,-1.130927336,1.983437159,0.997087512,0.400752481,0.448305885,-0.615893286,-0.006902914,2.36044858,7.115950737,-10.11788893,1.197700527,-1.716191557,-0.015452618
-0.061359232,-0.770441851,2.455519746,1.518257485,2.029073087,1.883344912,0.549932112,0.00882039,5.137294422,7.959651133,-7.649708286,1.049295579,-1.921024082,0.043770812
0.005752428,-1.310786583,1.410495334,1.187684625,-0.134223319,0.582145709,-1.023932176,0,-3.148219244,4.941729958,-14.35977038,0.34373742,-2.274302461,-0.0149336
0.061742727,-0.803038942,-0.729407865,1.049626354,0.104694189,0.623179695,0.889708857,0.001533981,-18.76560436,-8.078543885,-12.78989965,-0.409323205,-1.605436001,0.035195353
0.042951462,-1.352971055,-1.438490484,0.090121371,0.280334989,1.82927209,0.688373879,0.00076699,-3.96095451,-1.632424937,-2.620648762,-0.383233784,-2.103707154,0.03940435
-0.240834984,-1.418548734,0.426830154,1.526694379,1.465718643,0.331723345,1.129393355,-0.003451457,-15.11964799,1.888936038,-15.28438349,1.268400333,-0.047894571,-0.006465864
-0.006135923,-0.228179642,1.505602143,1.983053664,-1.072636066,0.715985533,2.55983044,0.002684466,5.614888126,17.48847514,-2.479385913,0.697928445,-1.444992091,-0.015146562
0.018791265,-0.071713602,-0.797286515,0.835636034,-0.470165111,-0.289922369,1.866471124,0.002684466,-10.87944972,-10.74824621,-7.231811091,0.418513315,-0.623734225,0.045029927
0.0479369,0.332106841,1.203791423,1.823903157,-2.027539106,1.75257305,-1.151636077,0.001917476,8.215674181,14.97675606,4.914369614,0.053275985,1.981962638,0.010456123
-0.003834952,0.015723303,-0.007669904,0.051004861,-0.014189322,-0.00076699,-0.006135923,0.014189322,-15.25589964,1.013338554,-15.73988172,0.194872857,-2.339256174,0.023284973
0.003834952,0.016490293,0.015339808,-0.011888351,-0.037966025,-0.025310683,-0.030296121,0.004601942,-14.6385544,1.021586307,-15.1478225,0.173785695,-2.393494881,0.024498113
0.003451457,0.018791265,-0.006519418,-0.00958738,0.006902914,-0.021859226,0.038733015,-0.003067962,-14.59850515,0.923373695,-15.16462162,0.196143295,-2.404061494,0.034001951
0.055606804,0.265762172,-2.318611961,0.841388462,-1.810480825,1.507136124,-0.091271857,0.069412631,-8.59319196,-9.044715589,9.425031012,1.951323482,-0.73937507,0.035741725
0.07746603,0.268830133,-0.566805901,1.977684731,0.688373879,0.118116521,-0.611291344,0.005368933,13.32117385,-8.680995689,9.509492191,-0.482579185,1.245104095,-0.041897099
